,code,event,finished,finished_provisional,id,kickoff_time,minutes,provisional_start_time,started,team_a,team_a_score,team_h,team_h_score,stats,team_h_difficulty,team_a_difficulty,pulse_id
0,2292810,1,True,True,1,2022-08-05T19:00:00Z,90,False,True,1,2.0,7,0.0,"[{'identifier': 'goals_scored', 'a': [{'value': 1, 'element': 19}], 'h': []}, {'identifier': 'assists', 'a': [{'value': 1, 'element': 13}, {'value': 1, 'element': 313}], 'h': []}, {'identifier': 'own_goals', 'a': [], 'h': [{'value': 1, 'element': 167}]}, {'identifier': 'penalties_saved', 'a': [], 'h': []}, {'identifier': 'penalties_missed', 'a': [], 'h': []}, {'identifier': 'yellow_cards', 'a': [{'value': 1, 'element': 3}, {'value': 1, 'element': 10}], 'h': [{'value': 1, 'element': 157}]}, {'identifier': 'red_cards', 'a': [], 'h': []}, {'identifier': 'saves', 'a': [{'value': 2, 'element': 15}], 'h': [{'value': 1, 'element': 152}]}, {'identifier': 'bonus', 'a': [{'value': 3, 'element': 313}, {'value': 2, 'element': 26}, {'value': 1, 'element': 16}], 'h': []}, {'identifier': 'bps', 'a': [{'value': 38, 'element': 313}, {'value': 30, 'element': 26}, {'value': 26, 'element': 16}, {'value': 25, 'element': 10}, {'value': 25, 'element': 15}, {'value': 23, 'element': 19}, {'value': 17, 'element': 6}, {'value': 12, 'element': 3}, {'value': 10, 'element': 13}, {'value': 9, 'element': 7}, {'value': 7, 'element': 28}, {'value': 4, 'element': 11}, {'value': 3, 'element': 8}, {'value': 3, 'element': 18}], 'h': [{'value': 20, 'element': 165}, {'value': 16, 'element': 160}, {'value': 16, 'element': 514}, {'value': 15, 'element': 152}, {'value': 11, 'element': 161}, {'value': 11, 'element': 170}, {'value': 9, 'element': 157}, {'value': 7, 'element': 167}, {'value': 7, 'element': 169}, {'value': 5, 'element': 159}, {'value': 3, 'element': 158}, {'value': 2, 'element': 163}, {'value': 2, 'element': 168}, {'value': 2, 'element': 173}, {'value': -5, 'element': 166}]}]",3,2,74911
1,2292813,1,True,True,4,2022-08-06T11:30:00Z,90,False,True,12,2.0,9,2.0,"[{'identifier': 'goals_scored', 'a': [{'value': 1, 'element': 283}, {'value': 1, 'element': 297}], 'h': [{'value': 2, 'element': 210}]}, {'identifier': 'assists', 'a': [{'value': 1, 'element': 283}, {'value': 1, 'element': 297}], 'h': [{'value': 1, 'element': 215}]}, {'identifier': 'own_goals', 'a': [], 'h': []}, {'identifier': 'penalties_saved', 'a': [], 'h': []}, {'identifier': 'penalties_missed', 'a': [], 'h': []}, {'identifier': 'yellow_cards', 'a': [], 'h': [{'value': 1, 'element': 205}, {'value': 1, 'element': 215}]}, {'identifier': 'red_cards', 'a': [], 'h': []}, {'identifier': 'saves', 'a': [{'value': 1, 'element': 281}], 'h': [{'value': 1, 'element': 213}]}, {'identifier': 'bonus', 'a': [{'value': 2, 'element': 283}, {'value': 1, 'element': 297}], 'h': [{'value': 3, 'element': 210}]}, {'identifier': 'bps', 'a': [{'value': 34, 'element': 283}, {'value': 31, 'element': 297}, {'value': 19, 'element': 276}, {'value': 14, 'element': 275}, {'value': 13, 'element': 285}, {'value': 12, 'element': 280}, {'value': 12, 'element': 282}, {'value': 11, 'element': 281}, {'value': 8, 'element': 277}, {'value': 4, 'element': 279}, {'value': 4, 'element': 284}, {'value': 3, 'element': 294}, {'value': 1, 'element': 274}, {'value': 1, 'element': 293}, {'value': 1, 'element': 296}], 'h': [{'value': 57, 'element': 210}, {'value': 27, 'element': 215}, {'value': 13, 'element': 217}, {'value': 12, 'element': 201}, {'value': 12, 'element': 211}, {'value': 11, 'element': 209}, {'value': 11, 'element': 213}, {'value': 10, 'element': 220}, {'value': 6, 'element': 205}, {'value': 5, 'element': 346}, {'value': 3, 'element': 200}, {'value': 3, 'element': 204}, {'value': 3, 'element': 105}, {'value': 1, 'element': 562}]}]",5,2,74914
2,2292811,1,True,True,2,2022-08-06T14:00:00Z,90,False,True,2,0.0,3,2.0,"[{'identifier': 'goals_scored', 'a': [], 'h': [{'value': 1, 'element': 62}, {'value': 1, 'element': 64}]}, {'identifier': 'assists', 'a': [], 'h': [{'value': 1, 'element': 73}]}, {'identifier': 'own_goals', 'a': [], 'h': []}, {'identifier': 'penalties_saved', 'a': [], 'h': []}, {'identifier': 'penalties_missed', 'a': [], 'h': []}, {'identifier': 'yellow_cards', 'a': [{'value': 1, 'element': 30}, {'value': 1, 'element': 46}, {'value': 1, 'element': 47}], 'h': [{'value': 1, 'element': 57}, {'value': 1, 'element': 68}, {'value': 1, 'element': 70}]}, {'identifier': 'red_cards', 'a': [], 'h': []}, {'identifier': 'saves', 'a': [{'value': 1, 'element': 31}], 'h': [{'value': 2, 'element': 72}]}, {'identifier': 'bonus', 'a': [], 'h': [{'value': 3, 'element': 73}, {'value': 2, 'element': 64}, {'value': 1, 'element': 71}]}, {'identifier': 'bps', 'a': [{'value': 16, 'element': 37}, {'value': 16, 'element': 44}, {'value': 15, 'element': 43}, {'value': 11, 'element': 33}, {'value': 11, 'element': 47}, {'value': 10, 'element': 31}, {'value': 8, 'element': 42}, {'value': 8, 'element': 45}, {'value': 8, 'element': 50}, {'value': 8, 'element': 53}, {'value': 7, 'element': 29}, {'value': 3, 'element': 40}, {'value': 3, 'element': 54}, {'value': -1, 'element': 46}], 'h': [{'value': 40, 'element': 73}, {'value': 30, 'element': 64}, {'value': 29, 'element': 71}, {'value': 27, 'element': 62}, {'value': 25, 'element': 76}, {'value': 24, 'element': 72}, {'value': 20, 'element': 535}, {'value': 13, 'element': 57}, {'value': 10, 'element': 70}, {'value': 4, 'element': 67}, {'value': 3, 'element': 58}, {'value': 3, 'element': 68}, {'value': 2, 'element': 66}, {'value': 1, 'element': 69}]}]",2,2,74912
3,2292814,1,True,True,5,2022-08-06T14:00:00Z,90,False,True,20,1.0,11,2.0,"[{'identifier': 'goals_scored', 'a': [{'value': 1, 'element': 483}], 'h': [{'value': 1, 'element': 225}]}, {'identifier': 'assists', 'a': [{'value': 1, 'element': 481}], 'h': [{'value': 1, 'element': 227}, {'value': 1, 'element': 233}]}, {'identifier': 'own_goals', 'a': [{'value': 1, 'element': 487}], 'h': []}, {'identifier': 'penalties_saved', 'a': [], 'h': []}, {'identifier': 'penalties_missed', 'a': [], 'h': []}, {'identifier': 'yellow_cards', 'a': [], 'h': [{'value': 1, 'element': 233}, {'value': 1, 'element': 506}]}, {'identifier': 'red_cards', 'a': [], 'h': []}, {'identifier': 'saves', 'a': [{'value': 3, 'element': 478}], 'h': [{'value': 5, 'element': 238}]}, {'identifier': 'bonus', 'a': [{'value': 3, 'element': 483}, {'value': 2, 'element': 480}], 'h': [{'value': 2, 'element': 233}]}, {'identifier': 'bps', 'a': [{'value': 28, 'element': 483}, {'value': 25, 'element': 480}, {'value': 22, 'element': 481}, {'value': 21, 'element': 479}, {'value': 20, 'element': 484}, {'value': 17, 'element': 478}, {'value': 15, 'element': 486}, {'value': 15, 'element': 516}, {'value': 12, 'element': 477}, {'value': 11, 'element': 487}, {'value': 9, 'element': 493}, {'value': 2, 'element': 568}], 'h': [{'value': 25, 'element': 233}, {'value': 23, 'element': 225}, {'value': 19, 'element': 230}, {'value': 19, 'element': 238}, {'value': 16, 'element': 228}, {'value': 15, 'element': 245}, {'value': 13, 'element': 244}, {'value': 10, 'element': 235}, {'value': 8, 'element': 227}, {'value': 7, 'element': 506}, {'value': 4, 'element': 237}, {'value': 4, 'element': 246}, {'value': 2, 'element': 223}, {'value': 2, 'element': 240}, {'value': 2, 'element': 242}]}]",2,2,74915
4,2292816,1,True,True,7,2022-08-06T14:00:00Z,90,False,True,16,0.0,15,2.0,"[{'identifier': 'goals_scored', 'a': [], 'h': [{'value': 1, 'element': 356}, {'value': 1, 'element': 366}]}, {'identifier': 'assists', 'a': [], 'h': [{'value': 1, 'element': 371}]}, {'identifier': 'own_goals', 'a': [], 'h': []}, {'identifier': 'penalties_saved', 'a': [], 'h': []}, {'identifier': 'penalties_missed', 'a': [], 'h': []}, {'identifier': 'yellow_cards', 'a': [{'value': 1, 'element': 295}, {'value': 1, 'element': 388}, {'value': 1, 'element': 524}], 'h': []}, {'identifier': 'red_cards', 'a': [], 'h': []}, {'identifier': 'saves', 'a': [{'value': 7, 'element': 398}], 'h': []}, {'identifier': 'bonus', 'a': [], 'h': [{'value': 3, 'element': 366}, {'value': 2, 'element': 367}, {'value': 1, 'element': 357}]}, {'identifier': 'bps', 'a': [{'value': 26, 'element': 398}, {'value': 13, 'element': 381}, {'value': 11, 'element': 523}, {'value': 10, 'element': 295}, {'value': 10, 'element': 507}, {'value': 9, 'element': 385}, {'value': 9, 'element': 388}, {'value': 7, 'element': 524}, {'value': 6, 'element': 397}, {'value': 3, 'element': 391}, {'value': 3, 'element': 394}, {'value': 3, 'element': 536}, {'value': 2, 'element': 527}, {'value': 1, 'element': 395}], 'h': [{'value': 43, 'element': 366}, {'value': 33, 'element': 367}, {'value': 32, 'element': 357}, {'value': 28, 'element': 371}, {'value': 25, 'element': 356}, {'value': 23, 'element': 358}, {'value': 21, 'element': 376}, {'value': 17, 'element': 374}, {'value': 16, 'element': 369}, {'value': 9, 'element': 370}, {'value': 6, 'element': 368}, {'value': 6, 'element': 373}, {'value': 4, 'element': 359}, {'value': 3, 'element': 365}, {'value': 3, 'element': 377}, {'value': 2, 'element': 354}]}]",2,3,74917
5,2292817,1,True,True,8,2022-08-06T14:00:00Z,90,False,True,17,1.0,18,4.0,"[{'identifier': 'goals_scored', 'a': [{'value': 1, 'element': 407}], 'h': [{'value': 1, 'element': 430}, {'value': 1, 'element': 436}, {'value': 1, 'element': 446}]}, {'identifier': 'assists', 'a': [{'value': 1, 'element': 418}], 'h': [{'value': 2, 'element': 445}, {'value': 1, 'element': 428}, {'value': 1, 'element': 446}]}, {'identifier': 'own_goals', 'a': [{'value': 1, 'element': 420}], 'h': []}, {'identifier': 'penalties_saved', 'a': [], 'h': []}, {'identifier': 'penalties_missed', 'a': [], 'h': []}, {'identifier': 'yellow_cards', 'a': [], 'h': [{'value': 1, 'element': 436}, {'value': 1, 'element': 440}, {'value': 1, 'element': 444}]}, {'identifier': 'red_cards', 'a': [], 'h': []}, {'identifier': 'saves', 'a': [{'value': 5, 'element': 422}], 'h': [{'value': 1, 'element': 425}]}, {'identifier': 'bonus', 'a': [{'value': 2, 'element': 407}], 'h': [{'value': 3, 'element': 446}, {'value': 1, 'element': 445}]}, {'identifier': 'bps', 'a': [{'value': 33, 'element': 407}, {'value': 20, 'element': 422}, {'value': 18, 'element': 410}, {'value': 17, 'element': 321}, {'value': 16, 'element': 418}, {'value': 10, 'element': 409}, {'value': 9, 'element': 402}, {'value': 7, 'element': 420}, {'value': 5, 'element': 404}, {'value': 5, 'element': 512}, {'value': 3, 'element': 403}, {'value': 2, 'element': 417}, {'value': 1, 'element': 414}, {'value': 1, 'element': 416}], 'h': [{'value': 45, 'element': 446}, {'value': 30, 'element': 445}, {'value': 27, 'element': 430}, {'value': 23, 'element': 428}, {'value': 19, 'element': 436}, {'value': 19, 'element': 440}, {'value': 16, 'element': 433}, {'value': 14, 'element': 432}, {'value': 11, 'element': 443}, {'value': 10, 'element': 425}, {'value': 6, 'element': 448}, {'value': 5, 'element': 431}, {'value': 4, 'element': 427}, {'value': 3, 'element': 429}, {'value': 3, 'element': 513}]}]",2,4,74918
6,2292812,1,True,True,3,2022-08-06T16:30:00Z,90,False,True,6,1.0,8,0.0,"[{'identifier': 'goals_scored', 'a': [{'value': 1, 'element': 130}], 'h': []}, {'identifier': 'assists', 'a': [{'value': 1, 'element': 139}], 'h': []}, {'identifier': 'own_goals', 'a': [], 'h': []}, {'identifier': 'penalties_saved', 'a': [], 'h': []}, {'identifier': 'penalties_missed', 'a': [], 'h': []}, {'identifier': 'yellow_cards', 'a': [{'value': 1, 'element': 112}, {'value': 1, 'element': 146}], 'h': [{'value': 1, 'element': 188}, {'value': 1, 'element': 192}, {'value': 1, 'element': 194}]}, {'identifier': 'red_cards', 'a': [], 'h': []}, {'identifier': 'saves', 'a': [{'value': 3, 'element': 147}], 'h': [{'value': 5, 'element': 182}]}, {'identifier': 'bonus', 'a': [{'value': 3, 'element': 130}, {'value': 2, 'element': 146}, {'value': 1, 'element': 127}], 'h': []}, {'identifier': 'bps', 'a': [{'value': 32, 'element': 130}, {'value': 31, 'element': 146}, {'value': 30, 'element': 127}, {'value': 28, 'element': 147}, {'value': 27, 'element': 128}, {'value': 27, 'element': 139}, {'value': 24, 'element': 520}, {'value': 18, 'element': 134}, {'value': 8, 'element': 112}, {'value': 7, 'element': 140}, {'value': 5, 'element': 142}, {'value': 3, 'element': 148}, {'value': 3, 'element': 150}, {'value': 1, 'element': 136}, {'value': 1, 'element': 145}, {'value': -1, 'element': 304}], 'h': [{'value': 20, 'element': 182}, {'value': 20, 'element': 534}, {'value': 16, 'element': 186}, {'value': 13, 'element': 185}, {'value': 12, 'element': 197}, {'value': 12, 'element': 199}, {'value': 9, 'element': 192}, {'value': 8, 'element': 189}, {'value': 5, 'element': 193}, {'value': 5, 'element': 195}, {'value': 4, 'element': 188}, {'value': 4, 'element': 194}, {'value': 3, 'element': 531}, {'value': 2, 'element': 181}]}]",4,2,74913
7,2292815,1,True,True,6,2022-08-07T13:00:00Z,90,False,True,4,2.0,10,2.0,"[{'identifier': 'goals_scored', 'a': [{'value': 1, 'element': 80}, {'value': 1, 'element': 83}], 'h': [{'value': 1, 'element': 258}, {'value': 1, 'element': 266}]}, {'identifier': 'assists', 'a': [{'value': 1, 'element': 85}, {'value': 1, 'element': 541}], 'h': [{'value': 1, 'element': 255}, {'value': 1, 'element': 261}]}, {'identifier': 'own_goals', 'a': [], 'h': []}, {'identifier': 'penalties_saved', 'a': [], 'h': []}, {'identifier': 'penalties_missed', 'a': [], 'h': []}, {'identifier': 'yellow_cards', 'a': [], 'h': []}, {'identifier': 'red_cards', 'a': [], 'h': []}, {'identifier': 'saves', 'a': [{'value': 3, 'element': 81}], 'h': [{'value': 1, 'element': 254}]}, {'identifier': 'bonus', 'a': [{'value': 2, 'element': 80}], 'h': [{'value': 3, 'element': 266}, {'value': 1, 'element': 258}]}, {'identifier': 'bps', 'a': [{'value': 26, 'element': 80}, {'value': 22, 'element': 85}, {'value': 20, 'element': 83}, {'value': 17, 'element': 78}, {'value': 15, 'element': 81}, {'value': 14, 'element': 79}, {'value': 14, 'element': 86}, {'value': 13, 'element': 95}, {'value': 11, 'element': 541}, {'value': 9, 'element': 88}, {'value': 9, 'element': 526}, {'value': 8, 'element': 510}, {'value': 5, 'element': 89}, {'value': 5, 'element': 94}, {'value': 3, 'element': 91}, {'value': 3, 'element': 515}], 'h': [{'value': 34, 'element': 266}, {'value': 23, 'element': 258}, {'value': 19, 'element': 261}, {'value': 18, 'element': 255}, {'value': 16, 'element': 257}, {'value': 15, 'element': 249}, {'value': 13, 'element': 259}, {'value': 12, 'element': 265}, {'value': 12, 'element': 268}, {'value': 12, 'element': 272}, {'value': 11, 'element': 254}, {'value': 4, 'element': 271}]}]",2,4,74916
8,2292818,1,True,True,9,2022-08-07T13:00:00Z,90,False,True,5,2.0,14,1.0,"[{'identifier': 'goals_scored', 'a': [{'value': 2, 'element': 104}], 'h': []}, {'identifier': 'assists', 'a': [{'value': 1, 'element': 103}, {'value': 1, 'element': 107}], 'h': []}, {'identifier': 'own_goals', 'a': [{'value': 1, 'element': 116}], 'h': []}, {'identifier': 'penalties_saved', 'a': [], 'h': []}, {'identifier': 'penalties_missed', 'a': [], 'h': []}, {'identifier': 'yellow_cards', 'a': [{'value': 1, 'element': 111}], 'h': [{'value': 1, 'element': 330}, {'value': 1, 'element': 332}, {'value': 1, 'element': 338}, {'value': 1, 'element': 533}]}, {'identifier': 'red_cards', 'a': [], 'h': []}, {'identifier': 'saves', 'a': [{'value': 5, 'element': 113}], 'h': [{'value': 2, 'element': 327}]}, {'identifier': 'bonus', 'a': [{'value': 3, 'element': 104}, {'value': 2, 'element': 103}, {'value': 1, 'element': 113}], 'h': []}, {'identifier': 'bps', 'a': [{'value': 44, 'element': 104}, {'value': 20, 'element': 103}, {'value': 19, 'element': 113}, {'value': 18, 'element': 101}, {'value': 17, 'element': 120}, {'value': 15, 'element': 107}, {'value': 15, 'element': 109}, {'value': 12, 'element': 108}, {'value': 9, 'element': 106}, {'value': 7, 'element': 111}, {'value': 5, 'element': 118}, {'value': 3, 'element': 114}, {'value': 3, 'element': 559}, {'value': 2, 'element': 123}, {'value': 1, 'element': 116}], 'h': [{'value': 17, 'element': 519}, {'value': 16, 'element': 533}, {'value': 14, 'element': 330}, {'value': 14, 'element': 333}, {'value': 13, 'element': 332}, {'value': 13, 'element': 340}, {'value': 11, 'element': 327}, {'value': 10, 'element': 342}, {'value': 6, 'element': 331}, {'value': 6, 'element': 504}, {'value': 3, 'element': 326}, {'value': 3, 'element': 336}, {'value': 3, 'element': 569}, {'value': 2, 'element': 344}, {'value': 1, 'element': 338}, {'value': -1, 'element': 335}]}]",2,4,74919
9,2292819,1,True,True,10,2022-08-07T15:30:00Z,90,False,True,13,2.0,19,0.0,"[{'identifier': 'goals_scored', 'a': [{'value': 2, 'element': 318}], 'h': []}, {'identifier': 'assists', 'a': [{'value': 1, 'element': 301}], 'h': []}, {'identifier': 'own_goals', 'a': [], 'h': []}, {'identifier': 'penalties_saved', 'a': [], 'h': []}, {'identifier': 'penalties_missed', 'a': [], 'h': []}, {'identifier': 'yellow_cards', 'a': [{'value': 1, 'element': 306}], 'h': []}, {'identifier': 'red_cards', 'a': [], 'h': []}, {'identifier': 'saves', 'a': [{'value': 1, 'element': 307}], 'h': []}, {'identifier': 'bonus', 'a': [{'value': 3, 'element': 318}, {'value': 2, 'element': 306}, {'value': 1, 'element': 307}, {'value': 1, 'element': 308}], 'h': []}, {'identifier': 'bps', 'a': [{'value': 48, 'element': 318}, {'value': 27, 'element': 306}, {'value': 26, 'element': 307}, {'value': 26, 'element': 308}, {'value': 25, 'element': 312}, {'value': 24, 'element': 299}, {'value': 24, 'element': 301}, {'value': 19, 'element': 305}, {'value': 19, 'element': 314}, {'value': 18, 'element': 315}, {'value': 11, 'element': 300}, {'value': 4, 'element': 303}, {'value': 3, 'element': 311}, {'value': 3, 'element': 316}, {'value': 3, 'element': 325}, {'value': 1, 'element': 319}], 'h': [{'value': 16, 'element': 457}, {'value': 13, 'element': 471}, {'value': 11, 'element': 469}, {'value': 10, 'element': 467}, {'value': 10, 'element': 468}, {'value': 9, 'element': 463}, {'value': 8, 'element': 461}, {'value': 5, 'element': 455}, {'value': 5, 'element': 465}, {'value': 3, 'element': 509}, {'value': 3, 'element': 556}, {'value': 2, 'element': 460}, {'value': 2, 'element': 473}, {'value': 1, 'element': 458}, {'value': 1, 'element': 529}]}]",5,3,74920
10,2292821,2,False,False,12,2022-08-13T11:30:00Z,0,False,False,8,,2,,[],2,2,74922
11,2292820,2,False,False,11,2022-08-13T14:00:00Z,0,False,False,10,,1,,[],3,4,74921
12,2292823,2,False,False,14,2022-08-13T14:00:00Z,0,False,False,15,,5,,[],3,2,74924
13,2292826,2,False,False,17,2022-08-13T14:00:00Z,0,False,False,3,,13,,[],2,5,74927
14,2292828,2,False,False,19,2022-08-13T14:00:00Z,0,False,False,11,,17,,[],2,2,74929
15,2292829,2,False,False,20,2022-08-13T14:00:00Z,0,False,False,9,,20,,[],2,2,74930
16,2292822,2,False,False,13,2022-08-13T16:30:00Z,0,False,False,14,,4,,[],3,2,74923
17,2292827,2,False,False,18,2022-08-14T13:00:00Z,0,False,False,19,,16,,[],3,2,74928
18,2292824,2,False,False,15,2022-08-14T15:30:00Z,0,False,False,18,,6,,[],3,4,74925
19,2292825,2,False,False,16,2022-08-15T19:00:00Z,0,False,False,7,,12,,[],2,5,74926
20,2292838,3,False,False,29,2022-08-20T11:30:00Z,0,False,False,20,,18,,[],2,4,74939
21,2292831,3,False,False,22,2022-08-20T14:00:00Z,0,False,False,2,,7,,[],2,2,74932
22,2292832,3,False,False,23,2022-08-20T14:00:00Z,0,False,False,16,,8,,[],2,2,74933
23,2292833,3,False,False,24,2022-08-20T14:00:00Z,0,False,False,4,,9,,[],2,2,74934
24,2292835,3,False,False,26,2022-08-20T14:00:00Z,0,False,False,17,,10,,[],2,4,74936
25,2292830,3,False,False,21,2022-08-20T16:30:00Z,0,False,False,1,,3,,[],3,2,74931
26,2292834,3,False,False,25,2022-08-21T13:00:00Z,0,False,False,6,,11,,[],4,2,74935
27,2292839,3,False,False,30,2022-08-21T13:00:00Z,0,False,False,5,,19,,[],2,3,74940
28,2292837,3,False,False,28,2022-08-21T15:30:00Z,0,False,False,13,,15,,[],5,3,74938
29,2292836,3,False,False,27,2022-08-22T19:00:00Z,0,False,False,12,,14,,[],5,4,74937
30,2292848,4,False,False,39,2022-08-27T11:30:00Z,0,False,False,14,,17,,[],3,2,74949
31,2292842,4,False,False,33,2022-08-27T14:00:00Z,0,False,False,8,,4,,[],2,2,74943
32,2292843,4,False,False,34,2022-08-27T14:00:00Z,0,False,False,11,,5,,[],2,2,74944
33,2292844,4,False,False,35,2022-08-27T14:00:00Z,0,False,False,10,,6,,[],3,4,74945
34,2292845,4,False,False,36,2022-08-27T14:00:00Z,0,False,False,3,,12,,[],2,5,74946
35,2292846,4,False,False,37,2022-08-27T14:00:00Z,0,False,False,7,,13,,[],2,5,74947
36,2292840,4,False,False,31,2022-08-27T16:30:00Z,0,False,False,9,,1,,[],2,4,74941
37,2292841,4,False,False,32,2022-08-28T13:00:00Z,0,False,False,19,,2,,[],3,2,74942
38,2292849,4,False,False,40,2022-08-28T13:00:00Z,0,False,False,15,,20,,[],3,2,74950
39,2292847,4,False,False,38,2022-08-28T15:30:00Z,0,False,False,18,,16,,[],3,2,74948
40,2292852,5,False,False,43,2022-08-30T18:30:00Z,0,False,False,4,,7,,[],2,2,74953
41,2292853,5,False,False,44,2022-08-30T18:30:00Z,0,False,False,5,,9,,[],2,2,74954
42,2292859,5,False,False,50,2022-08-30T18:45:00Z,0,False,False,6,,17,,[],4,2,74960
43,2292854,5,False,False,45,2022-08-30T19:00:00Z,0,False,False,8,,11,,[],2,2,74955
44,2292851,5,False,False,41,2022-08-31T18:30:00Z,0,False,False,2,,1,,[],2,4,74951
45,2292850,5,False,False,42,2022-08-31T18:30:00Z,0,False,False,20,,3,,[],2,2,74952
46,2292858,5,False,False,49,2022-08-31T18:30:00Z,0,False,False,16,,13,,[],2,5,74959
47,2292856,5,False,False,47,2022-08-31T18:45:00Z,0,False,False,18,,19,,[],3,3,74957
48,2292857,5,False,False,48,2022-08-31T19:00:00Z,0,False,False,15,,12,,[],3,5,74958
49,2292855,5,False,False,46,2022-09-01T19:00:00Z,0,False,False,14,,10,,[],3,4,74956
50,2292864,6,False,False,55,2022-09-03T11:30:00Z,0,False,False,12,,8,,[],5,2,74965
51,2292861,6,False,False,52,2022-09-03T14:00:00Z,0,False,False,11,,4,,[],2,2,74962
52,2292866,6,False,False,57,2022-09-03T14:00:00Z,0,False,False,7,,15,,[],2,3,74967
53,2292867,6,False,False,58,2022-09-03T14:00:00Z,0,False,False,3,,16,,[],2,2,74968
54,2292868,6,False,False,59,2022-09-03T14:00:00Z,0,False,False,9,,18,,[],2,4,74969
55,2292869,6,False,False,60,2022-09-03T14:00:00Z,0,False,False,17,,20,,[],2,2,74970
56,2292860,6,False,False,51,2022-09-03T16:30:00Z,0,False,False,13,,2,,[],5,2,74961
57,2292862,6,False,False,53,2022-09-04T13:00:00Z,0,False,False,10,,5,,[],3,2,74963
58,2292863,6,False,False,54,2022-09-04T13:00:00Z,0,False,False,19,,6,,[],3,4,74964
59,2292865,6,False,False,56,2022-09-04T15:30:00Z,0,False,False,1,,14,,[],3,4,74966
60,2292873,7,False,False,64,2022-09-10T11:30:00Z,0,False,False,6,,9,,[],4,2,74974
61,2292870,7,False,False,62,2022-09-10T14:00:00Z,0,False,False,5,,3,,[],2,2,74972
62,2292875,7,False,False,66,2022-09-10T14:00:00Z,0,False,False,2,,10,,[],2,4,74976
63,2292876,7,False,False,67,2022-09-10T14:00:00Z,0,False,False,20,,12,,[],2,5,74977
64,2292878,7,False,False,69,2022-09-10T14:00:00Z,0,False,False,4,,17,,[],2,2,74979
65,2292877,7,False,False,68,2022-09-10T16:30:00Z,0,False,False,18,,13,,[],3,5,74978
66,2292871,7,False,False,61,2022-09-11T13:00:00Z,0,False,False,8,,1,,[],2,4,74971
67,2292879,7,False,False,70,2022-09-11T13:00:00Z,0,False,False,15,,19,,[],3,3,74980
68,2292872,7,False,False,63,2022-09-11T15:30:00Z,0,False,False,14,,7,,[],3,2,74973
69,2292874,7,False,False,65,2022-09-12T19:00:00Z,0,False,False,16,,11,,[],2,2,74975
70,2292880,8,False,False,71,2022-09-16T19:00:00Z,0,False,False,17,,2,,[],2,2,74981
71,2292887,8,False,False,78,2022-09-16T19:00:00Z,0,False,False,9,,16,,[],2,2,74988
72,2292889,8,False,False,80,2022-09-17T11:30:00Z,0,False,False,13,,20,,[],5,2,74990
73,2292882,8,False,False,73,2022-09-17T14:00:00Z,0,False,False,7,,5,,[],2,2,74983
74,2292884,8,False,False,75,2022-09-17T14:00:00Z,0,False,False,19,,8,,[],3,2,74985
75,2292886,8,False,False,77,2022-09-17T14:00:00Z,0,False,False,3,,15,,[],2,3,74987
76,2292888,8,False,False,79,2022-09-17T16:30:00Z,0,False,False,10,,18,,[],3,4,74989
77,2292881,8,False,False,72,2022-09-18T13:00:00Z,0,False,False,1,,4,,[],3,2,74982
78,2292885,8,False,False,76,2022-09-18T13:00:00Z,0,False,False,11,,14,,[],2,4,74986
79,2292883,8,False,False,74,2022-09-18T15:30:00Z,0,False,False,12,,6,,[],5,4,74984
80,2292891,9,False,False,81,2022-10-01T11:30:00Z,0,False,False,18,,1,,[],3,4,74991
81,2292890,9,False,False,82,2022-10-01T14:00:00Z,0,False,False,4,,3,,[],2,2,74992
82,2292892,9,False,False,83,2022-10-01T14:00:00Z,0,False,False,6,,7,,[],4,2,74993
83,2292893,9,False,False,84,2022-10-01T14:00:00Z,0,False,False,15,,9,,[],3,2,74994
84,2292896,9,False,False,87,2022-10-01T14:00:00Z,0,False,False,5,,12,,[],2,5,74997
85,2292898,9,False,False,89,2022-10-01T14:00:00Z,0,False,False,8,,17,,[],2,2,74999
86,2292899,9,False,False,90,2022-10-01T16:30:00Z,0,False,False,20,,19,,[],2,3,75000
87,2292897,9,False,False,88,2022-10-02T13:00:00Z,0,False,False,14,,13,,[],3,5,74998
88,2292894,9,False,False,85,2022-10-02T15:30:00Z,0,False,False,2,,11,,[],2,2,74995
89,2292895,9,False,False,86,2022-10-03T19:00:00Z,0,False,False,16,,10,,[],2,4,74996
90,2292900,10,False,False,92,2022-10-08T14:00:00Z,0,False,False,10,,3,,[],3,2,75002
91,2292903,10,False,False,94,2022-10-08T14:00:00Z,0,False,False,20,,6,,[],2,4,75004
92,2292906,10,False,False,97,2022-10-08T14:00:00Z,0,False,False,17,,13,,[],2,5,75007
93,2292907,10,False,False,98,2022-10-08T14:00:00Z,0,False,False,4,,15,,[],2,3,75008
94,2292909,10,False,False,100,2022-10-08T14:00:00Z,0,False,False,9,,19,,[],2,3,75010
95,2292902,10,False,False,93,2022-10-08T16:30:00Z,0,False,False,18,,5,,[],3,2,75003
96,2292904,10,False,False,95,2022-10-09T13:00:00Z,0,False,False,11,,7,,[],2,2,75005
97,2292901,10,False,False,91,2022-10-09T15:30:00Z,0,False,False,12,,1,,[],5,4,75001
98,2292905,10,False,False,96,2022-10-09T18:00:00Z,0,False,False,14,,8,,[],3,2,75006
99,2292908,10,False,False,99,2022-10-10T19:00:00Z,0,False,False,2,,16,,[],2,2,75009
100,2292911,11,False,False,102,2022-10-14T19:00:00Z,0,False,False,5,,4,,[],2,2,75012
101,2292914,11,False,False,105,2022-10-15T11:30:00Z,0,False,False,7,,10,,[],2,4,75015
102,2292912,11,False,False,103,2022-10-15T14:00:00Z,0,False,False,3,,9,,[],2,2,75013
103,2292917,11,False,False,108,2022-10-15T14:00:00Z,0,False,False,19,,17,,[],3,2,75018
104,2292919,11,False,False,110,2022-10-15T14:00:00Z,0,False,False,16,,20,,[],2,2,75020
105,2292918,11,False,False,109,2022-10-15T16:30:00Z,0,False,False,8,,18,,[],2,4,75019
106,2292910,11,False,False,101,2022-10-16T13:00:00Z,0,False,False,6,,2,,[],4,2,75011
107,2292913,11,False,False,104,2022-10-16T13:00:00Z,0,False,False,1,,11,,[],3,2,75014
108,2292916,11,False,False,107,2022-10-16T13:00:00Z,0,False,False,15,,14,,[],3,4,75017
109,2292915,11,False,False,106,2022-10-16T15:30:00Z,0,False,False,13,,12,,[],5,5,75016
110,2292923,12,False,False,114,2022-10-18T18:30:00Z,0,False,False,16,,5,,[],2,2,75024
111,2292924,12,False,False,115,2022-10-18T18:30:00Z,0,False,False,20,,7,,[],2,2,75025
112,2292920,12,False,False,112,2022-10-18T19:15:00Z,0,False,False,17,,3,,[],2,2,75022
113,2292927,12,False,False,118,2022-10-19T18:30:00Z,0,False,False,19,,12,,[],3,5,75028
114,2292929,12,False,False,120,2022-10-19T18:30:00Z,0,False,False,8,,15,,[],2,3,75030
115,2292928,12,False,False,119,2022-10-19T19:15:00Z,0,False,False,18,,14,,[],3,4,75029
116,2292922,12,False,False,113,2022-10-20T18:30:00Z,0,False,False,6,,4,,[],4,2,75023
117,2292925,12,False,False,116,2022-10-20T18:30:00Z,0,False,False,2,,9,,[],2,2,75026
118,2292926,12,False,False,117,2022-10-20T18:30:00Z,0,False,False,11,,10,,[],2,4,75027
119,2292921,12,False,False,111,2022-10-20T19:15:00Z,0,False,False,13,,1,,[],5,4,75021
120,2292935,13,False,False,126,2022-10-22T11:30:00Z,0,False,False,12,,16,,[],5,2,75036
121,2292932,13,False,False,123,2022-10-22T14:00:00Z,0,False,False,7,,8,,[],2,2,75033
122,2292937,13,False,False,128,2022-10-22T16:30:00Z,0,False,False,15,,18,,[],3,4,75038
123,2292930,13,False,False,121,2022-10-23T13:00:00Z,0,False,False,4,,2,,[],2,2,75031
124,2292933,13,False,False,124,2022-10-23T13:00:00Z,0,False,False,9,,11,,[],2,2,75034
125,2292934,13,False,False,125,2022-10-23T13:00:00Z,0,False,False,5,,13,,[],2,5,75035
126,2292936,13,False,False,127,2022-10-23T13:00:00Z,0,False,False,1,,17,,[],3,2,75037
127,2292939,13,False,False,130,2022-10-23T13:00:00Z,0,False,False,10,,20,,[],3,2,75040
128,2292931,13,False,False,122,2022-10-23T15:30:00Z,0,False,False,14,,6,,[],3,4,75032
129,2292938,13,False,False,129,2022-10-24T19:00:00Z,0,False,False,3,,19,,[],2,3,75039
130,2292946,14,False,False,137,2022-10-29T11:30:00Z,0,False,False,13,,10,,[],5,4,75047
131,2292940,14,False,False,132,2022-10-29T14:00:00Z,0,False,False,18,,3,,[],3,2,75042
132,2292942,14,False,False,133,2022-10-29T14:00:00Z,0,False,False,20,,4,,[],2,2,75043
133,2292943,14,False,False,134,2022-10-29T14:00:00Z,0,False,False,6,,5,,[],4,2,75044
134,2292944,14,False,False,135,2022-10-29T14:00:00Z,0,False,False,17,,7,,[],2,2,75045
135,2292949,14,False,False,140,2022-10-29T14:00:00Z,0,False,False,2,,15,,[],2,3,75050
136,2292945,14,False,False,136,2022-10-29T16:30:00Z,0,False,False,8,,9,,[],2,2,75046
137,2292941,14,False,False,131,2022-10-30T14:00:00Z,0,False,False,16,,1,,[],2,4,75041
138,2292947,14,False,False,138,2022-10-30T14:00:00Z,0,False,False,11,,12,,[],2,5,75048
139,2292948,14,False,False,139,2022-10-30T16:30:00Z,0,False,False,19,,14,,[],3,4,75049
140,2292950,15,False,False,141,2022-11-05T15:00:00Z,0,False,False,14,,2,,[],3,2,75051
141,2292951,15,False,False,142,2022-11-05T15:00:00Z,0,False,False,1,,6,,[],3,4,75052
142,2292952,15,False,False,143,2022-11-05T15:00:00Z,0,False,False,10,,8,,[],3,2,75053
143,2292953,15,False,False,144,2022-11-05T15:00:00Z,0,False,False,3,,11,,[],2,2,75054
144,2292954,15,False,False,145,2022-11-05T15:00:00Z,0,False,False,9,,13,,[],2,5,75055
145,2292955,15,False,False,146,2022-11-05T15:00:00Z,0,False,False,4,,16,,[],2,2,75056
146,2292956,15,False,False,147,2022-11-05T15:00:00Z,0,False,False,15,,17,,[],3,2,75057
147,2292957,15,False,False,148,2022-11-05T15:00:00Z,0,False,False,12,,18,,[],5,4,75058
148,2292958,15,False,False,149,2022-11-05T15:00:00Z,0,False,False,7,,19,,[],2,3,75059
149,2292959,15,False,False,150,2022-11-05T15:00:00Z,0,False,False,5,,20,,[],2,2,75060
150,2292960,16,False,False,151,2022-11-12T15:00:00Z,0,False,False,8,,3,,[],2,2,75061
151,2292961,16,False,False,152,2022-11-12T15:00:00Z,0,False,False,2,,5,,[],2,2,75062
152,2292962,16,False,False,153,2022-11-12T15:00:00Z,0,False,False,14,,9,,[],3,2,75063
153,2292963,16,False,False,154,2022-11-12T15:00:00Z,0,False,False,17,,12,,[],2,5,75064
154,2292964,16,False,False,155,2022-11-12T15:00:00Z,0,False,False,4,,13,,[],2,5,75065
155,2292965,16,False,False,156,2022-11-12T15:00:00Z,0,False,False,6,,15,,[],4,3,75066
156,2292966,16,False,False,157,2022-11-12T15:00:00Z,0,False,False,7,,16,,[],2,2,75067
157,2292967,16,False,False,158,2022-11-12T15:00:00Z,0,False,False,11,,18,,[],2,4,75068
158,2292968,16,False,False,159,2022-11-12T15:00:00Z,0,False,False,10,,19,,[],3,3,75069
159,2292969,16,False,False,160,2022-11-12T15:00:00Z,0,False,False,1,,20,,[],3,2,75070
160,2292970,17,False,False,161,2022-12-26T15:00:00Z,0,False,False,19,,1,,[],3,4,75071
161,2292971,17,False,False,162,2022-12-26T15:00:00Z,0,False,False,12,,2,,[],5,2,75072
162,2292972,17,False,False,163,2022-12-26T15:00:00Z,0,False,False,18,,4,,[],3,2,75073
163,2292973,17,False,False,164,2022-12-26T15:00:00Z,0,False,False,3,,6,,[],2,4,75074
164,2292974,17,False,False,165,2022-12-26T15:00:00Z,0,False,False,9,,7,,[],2,2,75075
165,2292975,17,False,False,166,2022-12-26T15:00:00Z,0,False,False,20,,8,,[],2,2,75076
166,2292976,17,False,False,167,2022-12-26T15:00:00Z,0,False,False,13,,11,,[],5,2,75077
167,2292977,17,False,False,168,2022-12-26T15:00:00Z,0,False,False,15,,10,,[],3,4,75078
168,2292978,17,False,False,169,2022-12-26T15:00:00Z,0,False,False,16,,14,,[],2,4,75079
169,2292979,17,False,False,170,2022-12-26T15:00:00Z,0,False,False,5,,17,,[],2,2,75080
170,2292980,18,False,False,171,2022-12-31T15:00:00Z,0,False,False,7,,3,,[],2,2,75081
171,2292981,18,False,False,172,2022-12-31T15:00:00Z,0,False,False,1,,5,,[],3,2,75082
172,2292982,18,False,False,173,2022-12-31T15:00:00Z,0,False,False,17,,9,,[],2,2,75083
173,2292983,18,False,False,174,2022-12-31T15:00:00Z,0,False,False,10,,12,,[],3,5,75084
174,2292984,18,False,False,175,2022-12-31T15:00:00Z,0,False,False,8,,13,,[],2,5,75085
175,2292985,18,False,False,176,2022-12-31T15:00:00Z,0,False,False,11,,15,,[],2,3,75086
176,2292986,18,False,False,177,2022-12-31T15:00:00Z,0,False,False,6,,16,,[],4,2,75087
177,2292987,18,False,False,178,2022-12-31T15:00:00Z,0,False,False,2,,18,,[],2,4,75088
178,2292988,18,False,False,179,2022-12-31T15:00:00Z,0,False,False,4,,19,,[],2,3,75089
179,2292989,18,False,False,180,2022-12-31T15:00:00Z,0,False,False,14,,20,,[],3,2,75090
180,2292990,19,False,False,181,2023-01-02T15:00:00Z,0,False,False,15,,1,,[],3,4,75091
181,2292991,19,False,False,182,2023-01-02T15:00:00Z,0,False,False,20,,2,,[],2,2,75092
182,2292992,19,False,False,183,2023-01-02T15:00:00Z,0,False,False,12,,4,,[],5,2,75093
183,2292993,19,False,False,184,2023-01-02T15:00:00Z,0,False,False,13,,6,,[],5,4,75094
184,2292994,19,False,False,185,2023-01-02T15:00:00Z,0,False,False,18,,7,,[],3,2,75095
185,2292995,19,False,False,186,2023-01-02T15:00:00Z,0,False,False,5,,8,,[],2,2,75096
186,2292996,19,False,False,187,2023-01-02T15:00:00Z,0,False,False,19,,11,,[],3,2,75097
187,2292997,19,False,False,188,2023-01-02T15:00:00Z,0,False,False,9,,10,,[],2,4,75098
188,2292998,19,False,False,189,2023-01-02T15:00:00Z,0,False,False,3,,14,,[],2,4,75099
189,2292999,19,False,False,190,2023-01-02T15:00:00Z,0,False,False,16,,17,,[],2,2,75100
190,2293000,20,False,False,191,2023-01-14T15:00:00Z,0,False,False,11,,2,,[],2,2,75101
191,2293001,20,False,False,192,2023-01-14T15:00:00Z,0,False,False,3,,4,,[],2,2,75102
192,2293002,20,False,False,193,2023-01-14T15:00:00Z,0,False,False,12,,5,,[],5,2,75103
193,2293003,20,False,False,194,2023-01-14T15:00:00Z,0,False,False,7,,6,,[],2,4,75104
194,2293004,20,False,False,195,2023-01-14T15:00:00Z,0,False,False,17,,8,,[],2,2,75105
195,2293005,20,False,False,196,2023-01-14T15:00:00Z,0,False,False,13,,14,,[],5,4,75106
196,2293006,20,False,False,197,2023-01-14T15:00:00Z,0,False,False,9,,15,,[],2,3,75107
197,2293007,20,False,False,198,2023-01-14T15:00:00Z,0,False,False,10,,16,,[],3,2,75108
198,2293008,20,False,False,199,2023-01-14T15:00:00Z,0,False,False,1,,18,,[],3,4,75109
199,2293009,20,False,False,200,2023-01-14T15:00:00Z,0,False,False,19,,20,,[],3,2,75110
200,2293011,21,False,False,201,2023-01-21T15:00:00Z,0,False,False,14,,1,,[],3,4,75111
201,2293010,21,False,False,202,2023-01-21T15:00:00Z,0,False,False,16,,3,,[],2,2,75112
202,2293012,21,False,False,203,2023-01-21T15:00:00Z,0,False,False,15,,7,,[],3,2,75113
203,2293013,21,False,False,204,2023-01-21T15:00:00Z,0,False,False,18,,9,,[],3,2,75114
204,2293014,21,False,False,205,2023-01-21T15:00:00Z,0,False,False,4,,11,,[],2,2,75115
205,2293015,21,False,False,206,2023-01-21T15:00:00Z,0,False,False,5,,10,,[],2,4,75116
206,2293016,21,False,False,207,2023-01-21T15:00:00Z,0,False,False,6,,12,,[],4,5,75117
207,2293017,21,False,False,208,2023-01-21T15:00:00Z,0,False,False,20,,13,,[],2,5,75118
208,2293018,21,False,False,209,2023-01-21T15:00:00Z,0,False,False,2,,17,,[],2,2,75119
209,2293019,21,False,False,210,2023-01-21T15:00:00Z,0,False,False,8,,19,,[],2,3,75120
210,2293020,22,False,False,211,2023-02-04T15:00:00Z,0,False,False,10,,2,,[],3,2,75121
211,2293021,22,False,False,212,2023-02-04T15:00:00Z,0,False,False,17,,4,,[],2,2,75122
212,2293022,22,False,False,213,2023-02-04T15:00:00Z,0,False,False,3,,5,,[],2,2,75123
213,2293023,22,False,False,214,2023-02-04T15:00:00Z,0,False,False,9,,6,,[],2,4,75124
214,2293024,22,False,False,215,2023-02-04T15:00:00Z,0,False,False,1,,8,,[],3,2,75125
215,2293025,22,False,False,216,2023-02-04T15:00:00Z,0,False,False,7,,14,,[],2,4,75126
216,2293026,22,False,False,217,2023-02-04T15:00:00Z,0,False,False,19,,15,,[],3,3,75127
217,2293027,22,False,False,218,2023-02-04T15:00:00Z,0,False,False,11,,16,,[],2,2,75128
218,2293028,22,False,False,219,2023-02-04T15:00:00Z,0,False,False,13,,18,,[],5,4,75129
219,2293029,22,False,False,220,2023-02-04T15:00:00Z,0,False,False,12,,20,,[],5,2,75130
220,2293031,23,False,False,221,2023-02-11T15:00:00Z,0,False,False,4,,1,,[],2,4,75131
221,2293030,23,False,False,222,2023-02-11T15:00:00Z,0,False,False,15,,3,,[],3,2,75132
222,2293032,23,False,False,223,2023-02-11T15:00:00Z,0,False,False,5,,7,,[],2,2,75133
223,2293033,23,False,False,224,2023-02-11T15:00:00Z,0,False,False,16,,9,,[],2,2,75134
224,2293034,23,False,False,225,2023-02-11T15:00:00Z,0,False,False,14,,11,,[],3,2,75135
225,2293035,23,False,False,226,2023-02-11T15:00:00Z,0,False,False,18,,10,,[],3,4,75136
226,2293036,23,False,False,227,2023-02-11T15:00:00Z,0,False,False,8,,12,,[],2,5,75137
227,2293037,23,False,False,228,2023-02-11T15:00:00Z,0,False,False,2,,13,,[],2,5,75138
228,2293038,23,False,False,229,2023-02-11T15:00:00Z,0,False,False,20,,17,,[],2,2,75139
229,2293039,23,False,False,230,2023-02-11T15:00:00Z,0,False,False,6,,19,,[],4,3,75140
230,2293040,24,False,False,231,2023-02-18T15:00:00Z,0,False,False,1,,2,,[],3,2,75141
231,2293041,24,False,False,232,2023-02-18T15:00:00Z,0,False,False,7,,4,,[],2,2,75142
232,2293042,24,False,False,233,2023-02-18T15:00:00Z,0,False,False,9,,5,,[],2,2,75143
233,2293043,24,False,False,234,2023-02-18T15:00:00Z,0,False,False,17,,6,,[],2,4,75144
234,2293044,24,False,False,235,2023-02-18T15:00:00Z,0,False,False,11,,8,,[],2,2,75145
235,2293045,24,False,False,236,2023-02-18T15:00:00Z,0,False,False,10,,14,,[],3,4,75146
236,2293046,24,False,False,237,2023-02-18T15:00:00Z,0,False,False,12,,15,,[],5,3,75147
237,2293047,24,False,False,238,2023-02-18T15:00:00Z,0,False,False,13,,16,,[],5,2,75148
238,2293048,24,False,False,239,2023-02-18T15:00:00Z,0,False,False,19,,18,,[],3,4,75149
239,2293049,24,False,False,240,2023-02-18T15:00:00Z,0,False,False,3,,20,,[],2,2,75150
240,2293050,25,False,False,241,2023-02-25T15:00:00Z,0,False,False,13,,3,,[],5,2,75151
241,2293051,25,False,False,242,2023-02-25T15:00:00Z,0,False,False,12,,7,,[],5,2,75152
242,2293052,25,False,False,243,2023-02-25T15:00:00Z,0,False,False,2,,8,,[],2,2,75153
243,2293053,25,False,False,244,2023-02-25T15:00:00Z,0,False,False,20,,9,,[],2,2,75154
244,2293054,25,False,False,245,2023-02-25T15:00:00Z,0,False,False,17,,11,,[],2,2,75155
245,2293055,25,False,False,246,2023-02-25T15:00:00Z,0,False,False,1,,10,,[],3,4,75156
246,2293056,25,False,False,247,2023-02-25T15:00:00Z,0,False,False,4,,14,,[],2,4,75157
247,2293057,25,False,False,248,2023-02-25T15:00:00Z,0,False,False,5,,15,,[],2,3,75158
248,2293058,25,False,False,249,2023-02-25T15:00:00Z,0,False,False,6,,18,,[],4,4,75159
249,2293059,25,False,False,250,2023-02-25T15:00:00Z,0,False,False,16,,19,,[],2,3,75160
250,2293060,26,False,False,251,2023-03-04T15:00:00Z,0,False,False,3,,1,,[],2,4,75161
251,2293061,26,False,False,252,2023-03-04T15:00:00Z,0,False,False,7,,2,,[],2,2,75162
252,2293062,26,False,False,253,2023-03-04T15:00:00Z,0,False,False,9,,4,,[],2,2,75163
253,2293063,26,False,False,254,2023-03-04T15:00:00Z,0,False,False,19,,5,,[],3,2,75164
254,2293064,26,False,False,255,2023-03-04T15:00:00Z,0,False,False,11,,6,,[],2,4,75165
255,2293065,26,False,False,256,2023-03-04T15:00:00Z,0,False,False,14,,12,,[],3,5,75166
256,2293066,26,False,False,257,2023-03-04T15:00:00Z,0,False,False,15,,13,,[],3,5,75167
257,2293067,26,False,False,258,2023-03-04T15:00:00Z,0,False,False,8,,16,,[],2,2,75168
258,2293068,26,False,False,259,2023-03-04T15:00:00Z,0,False,False,10,,17,,[],3,2,75169
259,2293069,26,False,False,260,2023-03-04T15:00:00Z,0,False,False,18,,20,,[],3,2,75170
260,2293070,27,False,False,261,2023-03-11T15:00:00Z,0,False,False,12,,3,,[],5,2,75171
261,2293071,27,False,False,262,2023-03-11T15:00:00Z,0,False,False,13,,7,,[],5,2,75172
262,2293072,27,False,False,263,2023-03-11T15:00:00Z,0,False,False,4,,8,,[],2,2,75173
263,2293073,27,False,False,264,2023-03-11T15:00:00Z,0,False,False,1,,9,,[],3,2,75174
264,2293074,27,False,False,265,2023-03-11T15:00:00Z,0,False,False,5,,11,,[],2,2,75175
265,2293075,27,False,False,266,2023-03-11T15:00:00Z,0,False,False,6,,10,,[],4,4,75176
266,2293076,27,False,False,267,2023-03-11T15:00:00Z,0,False,False,17,,14,,[],2,4,75177
267,2293077,27,False,False,268,2023-03-11T15:00:00Z,0,False,False,20,,15,,[],2,3,75178
268,2293078,27,False,False,269,2023-03-11T15:00:00Z,0,False,False,16,,18,,[],2,4,75179
269,2293079,27,False,False,270,2023-03-11T15:00:00Z,0,False,False,2,,19,,[],2,3,75180
270,2293080,28,False,False,271,2023-03-18T15:00:00Z,0,False,False,7,,1,,[],2,4,75181
271,2293081,28,False,False,272,2023-03-18T15:00:00Z,0,False,False,3,,2,,[],2,2,75182
272,2293082,28,False,False,273,2023-03-18T15:00:00Z,0,False,False,10,,4,,[],3,2,75183
273,2293083,28,False,False,274,2023-03-18T15:00:00Z,0,False,False,14,,5,,[],3,2,75184
274,2293084,28,False,False,275,2023-03-18T15:00:00Z,0,False,False,8,,6,,[],2,4,75185
275,2293085,28,False,False,276,2023-03-18T15:00:00Z,0,False,False,9,,12,,[],2,5,75186
276,2293086,28,False,False,277,2023-03-18T15:00:00Z,0,False,False,19,,13,,[],3,5,75187
277,2293087,28,False,False,278,2023-03-18T15:00:00Z,0,False,False,15,,16,,[],3,2,75188
278,2293088,28,False,False,279,2023-03-18T15:00:00Z,0,False,False,18,,17,,[],3,2,75189
279,2293089,28,False,False,280,2023-03-18T15:00:00Z,0,False,False,11,,20,,[],2,2,75190
280,2293091,29,False,False,281,2023-04-01T14:00:00Z,0,False,False,11,,1,,[],2,4,75191
281,2293090,29,False,False,282,2023-04-01T14:00:00Z,0,False,False,9,,3,,[],2,2,75192
282,2293092,29,False,False,283,2023-04-01T14:00:00Z,0,False,False,4,,5,,[],2,2,75193
283,2293093,29,False,False,284,2023-04-01T14:00:00Z,0,False,False,2,,6,,[],2,4,75194
284,2293094,29,False,False,285,2023-04-01T14:00:00Z,0,False,False,10,,7,,[],3,2,75195
285,2293095,29,False,False,286,2023-04-01T14:00:00Z,0,False,False,18,,8,,[],3,2,75196
286,2293096,29,False,False,287,2023-04-01T14:00:00Z,0,False,False,12,,13,,[],5,5,75197
287,2293097,29,False,False,288,2023-04-01T14:00:00Z,0,False,False,14,,15,,[],3,3,75198
288,2293098,29,False,False,289,2023-04-01T14:00:00Z,0,False,False,20,,16,,[],2,2,75199
289,2293099,29,False,False,290,2023-04-01T14:00:00Z,0,False,False,17,,19,,[],2,3,75200
290,2293100,30,False,False,291,2023-04-08T14:00:00Z,0,False,False,16,,2,,[],2,2,75201
291,2293101,30,False,False,292,2023-04-08T14:00:00Z,0,False,False,15,,4,,[],3,2,75202
292,2293102,30,False,False,293,2023-04-08T14:00:00Z,0,False,False,19,,9,,[],3,2,75203
293,2293103,30,False,False,294,2023-04-08T14:00:00Z,0,False,False,7,,11,,[],2,2,75204
294,2293104,30,False,False,295,2023-04-08T14:00:00Z,0,False,False,3,,10,,[],2,4,75205
295,2293105,30,False,False,296,2023-04-08T14:00:00Z,0,False,False,1,,12,,[],3,5,75206
296,2293106,30,False,False,297,2023-04-08T14:00:00Z,0,False,False,8,,14,,[],2,4,75207
297,2293107,30,False,False,298,2023-04-08T14:00:00Z,0,False,False,13,,17,,[],5,2,75208
298,2293108,30,False,False,299,2023-04-08T14:00:00Z,0,False,False,5,,18,,[],2,4,75209
299,2293109,30,False,False,300,2023-04-08T14:00:00Z,0,False,False,6,,20,,[],4,2,75210
300,2293110,31,False,False,301,2023-04-15T14:00:00Z,0,False,False,15,,2,,[],3,2,75211
301,2293111,31,False,False,302,2023-04-15T14:00:00Z,0,False,False,5,,6,,[],2,4,75212
302,2293112,31,False,False,303,2023-04-15T14:00:00Z,0,False,False,9,,8,,[],2,2,75213
303,2293113,31,False,False,304,2023-04-15T14:00:00Z,0,False,False,12,,11,,[],5,2,75214
304,2293114,31,False,False,305,2023-04-15T14:00:00Z,0,False,False,10,,13,,[],3,5,75215
305,2293115,31,False,False,306,2023-04-15T14:00:00Z,0,False,False,14,,16,,[],3,2,75216
306,2293116,31,False,False,307,2023-04-15T14:00:00Z,0,False,False,7,,17,,[],2,2,75217
307,2293117,31,False,False,308,2023-04-15T14:00:00Z,0,False,False,3,,18,,[],2,4,75218
308,2293118,31,False,False,309,2023-04-15T14:00:00Z,0,False,False,1,,19,,[],3,3,75219
309,2293119,31,False,False,310,2023-04-15T14:00:00Z,0,False,False,4,,20,,[],2,2,75220
310,2293121,32,False,False,311,2023-04-22T14:00:00Z,0,False,False,17,,1,,[],2,4,75221
311,2293120,32,False,False,312,2023-04-22T14:00:00Z,0,False,False,19,,3,,[],3,2,75222
312,2293122,32,False,False,313,2023-04-22T14:00:00Z,0,False,False,2,,4,,[],2,2,75223
313,2293123,32,False,False,314,2023-04-22T14:00:00Z,0,False,False,13,,5,,[],5,2,75224
314,2293124,32,False,False,315,2023-04-22T14:00:00Z,0,False,False,8,,7,,[],2,2,75225
315,2293125,32,False,False,316,2023-04-22T14:00:00Z,0,False,False,11,,9,,[],2,2,75226
316,2293126,32,False,False,317,2023-04-22T14:00:00Z,0,False,False,20,,10,,[],2,4,75227
317,2293127,32,False,False,318,2023-04-22T14:00:00Z,0,False,False,16,,12,,[],2,5,75228
318,2293128,32,False,False,319,2023-04-22T14:00:00Z,0,False,False,6,,14,,[],4,4,75229
319,2293129,32,False,False,320,2023-04-22T14:00:00Z,0,False,False,18,,15,,[],3,3,75230
320,2293131,33,False,False,322,2023-04-25T18:45:00Z,0,False,False,15,,8,,[],3,2,75232
321,2293132,33,False,False,323,2023-04-25T18:45:00Z,0,False,False,10,,11,,[],3,2,75233
322,2293133,33,False,False,324,2023-04-25T18:45:00Z,0,False,False,5,,16,,[],2,2,75234
323,2293134,33,False,False,325,2023-04-25T18:45:00Z,0,False,False,14,,18,,[],3,4,75235
324,2293135,33,False,False,326,2023-04-25T18:45:00Z,0,False,False,12,,19,,[],5,3,75236
325,2293136,33,False,False,327,2023-04-25T18:45:00Z,0,False,False,7,,20,,[],2,2,75237
326,2293130,33,False,False,321,2023-04-25T19:00:00Z,0,False,False,9,,2,,[],2,2,75231
327,2293137,33,False,False,328,2023-04-26T18:45:00Z,0,False,False,4,,6,,[],2,4,75238
328,2293139,33,False,False,330,2023-04-26T18:45:00Z,0,False,False,3,,17,,[],2,2,75240
329,2293138,33,False,False,329,2023-04-26T19:00:00Z,0,False,False,1,,13,,[],3,5,75239
330,2293141,34,False,False,331,2023-04-29T14:00:00Z,0,False,False,6,,1,,[],4,4,75241
331,2293140,34,False,False,332,2023-04-29T14:00:00Z,0,False,False,11,,3,,[],2,2,75242
332,2293142,34,False,False,333,2023-04-29T14:00:00Z,0,False,False,16,,4,,[],2,2,75243
333,2293143,34,False,False,334,2023-04-29T14:00:00Z,0,False,False,20,,5,,[],2,2,75244
334,2293144,34,False,False,335,2023-04-29T14:00:00Z,0,False,False,19,,7,,[],3,2,75245
335,2293145,34,False,False,336,2023-04-29T14:00:00Z,0,False,False,13,,9,,[],5,2,75246
336,2293146,34,False,False,337,2023-04-29T14:00:00Z,0,False,False,8,,10,,[],2,4,75247
337,2293147,34,False,False,338,2023-04-29T14:00:00Z,0,False,False,18,,12,,[],3,5,75248
338,2293148,34,False,False,339,2023-04-29T14:00:00Z,0,False,False,2,,14,,[],2,4,75249
339,2293149,34,False,False,340,2023-04-29T14:00:00Z,0,False,False,17,,15,,[],2,3,75250
340,2293150,35,False,False,341,2023-05-06T14:00:00Z,0,False,False,6,,3,,[],4,2,75251
341,2293151,35,False,False,342,2023-05-06T14:00:00Z,0,False,False,8,,5,,[],2,2,75252
342,2293152,35,False,False,343,2023-05-06T14:00:00Z,0,False,False,10,,9,,[],3,2,75253
343,2293153,35,False,False,344,2023-05-06T14:00:00Z,0,False,False,4,,12,,[],2,5,75254
344,2293154,35,False,False,345,2023-05-06T14:00:00Z,0,False,False,11,,13,,[],2,5,75255
345,2293155,35,False,False,346,2023-05-06T14:00:00Z,0,False,False,1,,15,,[],3,3,75256
346,2293156,35,False,False,347,2023-05-06T14:00:00Z,0,False,False,17,,16,,[],2,2,75257
347,2293157,35,False,False,348,2023-05-06T14:00:00Z,0,False,False,7,,18,,[],2,4,75258
348,2293158,35,False,False,349,2023-05-06T14:00:00Z,0,False,False,14,,19,,[],3,3,75259
349,2293159,35,False,False,350,2023-05-06T14:00:00Z,0,False,False,2,,20,,[],2,2,75260
350,2293160,36,False,False,351,2023-05-13T14:00:00Z,0,False,False,5,,1,,[],2,4,75261
351,2293161,36,False,False,352,2023-05-13T14:00:00Z,0,False,False,18,,2,,[],3,2,75262
352,2293162,36,False,False,353,2023-05-13T14:00:00Z,0,False,False,19,,4,,[],3,2,75263
353,2293163,36,False,False,354,2023-05-13T14:00:00Z,0,False,False,16,,6,,[],2,4,75264
354,2293164,36,False,False,355,2023-05-13T14:00:00Z,0,False,False,3,,7,,[],2,2,75265
355,2293165,36,False,False,356,2023-05-13T14:00:00Z,0,False,False,13,,8,,[],5,2,75266
356,2293166,36,False,False,357,2023-05-13T14:00:00Z,0,False,False,15,,11,,[],3,2,75267
357,2293167,36,False,False,358,2023-05-13T14:00:00Z,0,False,False,12,,10,,[],5,4,75268
358,2293168,36,False,False,359,2023-05-13T14:00:00Z,0,False,False,20,,14,,[],2,4,75269
359,2293169,36,False,False,360,2023-05-13T14:00:00Z,0,False,False,9,,17,,[],2,2,75270
360,2293170,37,False,False,361,2023-05-20T14:00:00Z,0,False,False,14,,3,,[],3,2,75271
361,2293171,37,False,False,362,2023-05-20T14:00:00Z,0,False,False,17,,5,,[],2,2,75272
362,2293172,37,False,False,363,2023-05-20T14:00:00Z,0,False,False,7,,9,,[],2,2,75273
363,2293173,37,False,False,364,2023-05-20T14:00:00Z,0,False,False,2,,12,,[],2,5,75274
364,2293174,37,False,False,365,2023-05-20T14:00:00Z,0,False,False,6,,13,,[],4,5,75275
365,2293175,37,False,False,366,2023-05-20T14:00:00Z,0,False,False,10,,15,,[],3,3,75276
366,2293176,37,False,False,367,2023-05-20T14:00:00Z,0,False,False,1,,16,,[],3,2,75277
367,2293177,37,False,False,368,2023-05-20T14:00:00Z,0,False,False,4,,18,,[],2,4,75278
368,2293178,37,False,False,369,2023-05-20T14:00:00Z,0,False,False,11,,19,,[],2,3,75279
369,2293179,37,False,False,370,2023-05-20T14:00:00Z,0,False,False,8,,20,,[],2,2,75280
370,2293180,38,False,False,371,2023-05-28T15:00:00Z,0,False,False,20,,1,,[],2,4,75281
371,2293181,38,False,False,372,2023-05-28T15:00:00Z,0,False,False,5,,2,,[],2,2,75282
372,2293182,38,False,False,373,2023-05-28T15:00:00Z,0,False,False,13,,4,,[],5,2,75283
373,2293183,38,False,False,374,2023-05-28T15:00:00Z,0,False,False,15,,6,,[],3,4,75284
374,2293184,38,False,False,375,2023-05-28T15:00:00Z,0,False,False,16,,7,,[],2,2,75285
375,2293185,38,False,False,376,2023-05-28T15:00:00Z,0,False,False,3,,8,,[],2,2,75286
376,2293186,38,False,False,377,2023-05-28T15:00:00Z,0,False,False,18,,11,,[],3,2,75287
377,2293187,38,False,False,378,2023-05-28T15:00:00Z,0,False,False,19,,10,,[],3,4,75288
378,2293188,38,False,False,379,2023-05-28T15:00:00Z,0,False,False,9,,14,,[],2,4,75289
379,2293189,38,False,False,380,2023-05-28T15:00:00Z,0,False,False,12,,17,,[],5,2,75290
