,element,GW,web_name,element_type,team,team_name,team_code,now_cost,total_points
90,36,12,Aké,2,4,Chelsea,8,39,15
455,231,12,Yaya Touré,3,10,Man City,43,72,15
865,446,12,Phillips,3,19,West Brom,35,53,14
785,403,12,Kane,4,17,Spurs,6,119,13
1050,575,12,Anichebe,4,15,Sunderland,56,43,13
680,355,12,Defoe,4,15,Sunderland,56,74,11
800,412,12,Nyom,2,19,West Brom,35,44,11
500,256,12,Mata,3,11,Man Utd,1,72,10
665,344,12,van Aanholt,2,5,Crystal Palace,31,49,10
810,416,12,Capoue,3,18,Watford,57,45,10
210,97,12,Costa,4,4,Chelsea,8,104,9
270,126,12,Coleman,2,6,Everton,11,56,9
370,193,12,Clyne,2,9,Liverpool,14,59,9
705,368,12,Sigurdsson,3,16,Swansea,80,74,9
870,449,12,Rondón,4,19,West Brom,35,63,9
985,539,12,Pereyra,3,18,Watford,57,58,9
75,32,12,Steve Cook,2,2,Bournemouth,91,48,8
170,78,12,Cahill,2,4,Chelsea,8,67,8
330,176,12,Mahrez,3,8,Leicester,13,89,8
570,297,12,Fonte,2,20,West Ham,21,53,8
850,439,12,Fletcher,3,19,West Brom,35,44,8
855,441,12,Morrison,3,19,West Brom,35,43,8
910,462,12,Lanzini,3,20,West Ham,21,59,8
55,25,12,Giroud,4,1,Arsenal,3,81,7
65,30,12,Federici,1,2,Bournemouth,91,44,7
80,33,12,Daniels,2,2,Bournemouth,91,52,7
460,235,12,De Bruyne,3,10,Man City,43,105,7
585,303,12,van Dijk,2,13,Southampton,20,56,7
655,340,12,Pickford,1,15,Sunderland,56,42,7
780,402,12,Son,3,17,Spurs,6,72,7
845,438,12,Brunt,2,19,West Brom,35,48,7
970,513,12,Winks,3,17,Spurs,6,45,7
70,31,12,Francis,2,2,Bournemouth,91,45,6
105,42,12,Stanislas,3,2,Bournemouth,91,46,6
160,73,12,Courtois,1,4,Chelsea,8,59,6
245,111,12,Zaha,3,5,Crystal Palace,31,58,6
360,189,12,Karius,1,9,Liverpool,14,43,6
365,191,12,Lovren,2,9,Liverpool,14,49,6
375,199,12,Matip,2,9,Liverpool,14,54,6
510,262,12,Herrera,3,11,Man Utd,1,62,6
560,294,12,Forster,1,13,Southampton,20,50,6
565,296,12,Bertrand,2,13,Southampton,20,56,6
670,346,12,Koné,2,15,Sunderland,56,42,6
675,353,12,Watmore,3,15,Sunderland,56,47,6
825,430,12,Foster,1,19,West Brom,35,47,6
830,431,12,Evans,2,19,West Brom,35,44,6
835,433,12,Dawson,2,19,West Brom,35,49,6
840,436,12,McAuley,2,19,West Brom,35,50,6
915,464,12,Antonio,3,20,West Ham,21,67,6
930,476,12,Denayer,2,15,Sunderland,56,47,6
1020,561,12,Alonso,2,4,Chelsea,8,69,6
165,77,12,Azpilicueta,2,4,Chelsea,8,64,5
350,184,12,Vardy,4,8,Leicester,13,99,5
495,251,12,Darmian,2,11,Man Utd,1,50,5
575,301,12,Cédric,2,13,Southampton,20,49,5
660,343,12,Jones,2,15,Sunderland,56,44,5
790,409,12,Prödl,2,18,Watford,57,43,5
820,425,12,Deeney,4,18,Watford,57,66,5
880,453,12,Reid,2,20,West Ham,21,49,5
950,488,12,Gueye,3,6,Everton,11,50,5
1035,570,12,David Luiz,2,4,Chelsea,8,62,5
35,18,12,Chamberlain,3,1,Arsenal,3,58,4
175,82,12,Hazard,3,4,Chelsea,8,105,4
465,237,12,Nolito,3,10,Man City,43,84,4
685,356,12,Fabianski,1,16,Swansea,80,48,4
0,2,12,Cech,1,1,Arsenal,3,54,3
30,17,12,Wilshere,3,2,Bournemouth,91,58,3
40,20,12,Coquelin,3,1,Arsenal,3,42,3
110,48,12,King,3,2,Bournemouth,91,62,3
190,87,12,Matic,3,4,Chelsea,8,48,3
195,90,12,Pedro,3,4,Chelsea,8,68,3
200,92,12,Moses,3,4,Chelsea,8,55,3
380,201,12,Henderson,3,9,Liverpool,14,62,3
390,204,12,Can,3,9,Liverpool,14,48,3
400,208,12,Milner,3,9,Liverpool,14,63,3
405,209,12,Firmino,3,9,Liverpool,14,85,3
410,212,12,Mané,3,9,Liverpool,14,93,3
485,248,12,Rojo,2,11,Man Utd,1,52,3
515,267,12,Martial,3,11,Man Utd,1,92,3
590,304,12,Redmond,3,13,Southampton,20,59,3
600,310,12,Oriol Romeu,3,13,Southampton,20,44,3
715,371,12,Fulton,3,16,Swansea,80,44,3
860,442,12,Yacob,3,19,West Brom,35,43,3
945,485,12,Wijnaldum,3,9,Liverpool,14,75,3
995,551,12,Boufal,3,13,Southampton,20,67,3
5,10,12,Monreal,2,1,Arsenal,3,59,2
20,13,12,Walcott,3,1,Arsenal,3,72,2
25,14,12,Özil,3,1,Arsenal,3,95,2
95,37,12,Arter,3,2,Bournemouth,91,50,2
115,49,12,Callum Wilson,4,2,Bournemouth,91,60,2
140,63,12,Arfield,3,3,Burnley,90,52,2
145,64,12,Marney,3,3,Burnley,90,43,2
150,67,12,Vokes,4,3,Burnley,90,57,2
205,95,12,Kanté,3,4,Chelsea,8,47,2
240,110,12,Puncheon,3,5,Crystal Palace,31,51,2
255,114,12,McArthur,3,5,Crystal Palace,31,47,2
260,124,12,Stekelenburg,1,6,Everton,11,47,2
285,142,12,Lennon,3,6,Everton,11,55,2
290,143,12,Lukaku,4,6,Everton,11,101,2
300,155,12,Snodgrass,3,20,West Ham,21,55,2
305,156,12,Clucas,3,7,Hull,88,47,2
310,157,12,Livermore,3,19,West Brom,35,47,2
315,158,12,Elmohamady,3,7,Hull,88,46,2
335,177,12,Albrighton,3,8,Leicester,13,50,2
345,182,12,Amartey,3,8,Leicester,13,43,2
355,186,12,Okazaki,4,8,Leicester,13,56,2
415,213,12,Christian Benteke,4,5,Crystal Palace,31,72,2
425,220,12,Kolarov,2,10,Man City,43,58,2
445,228,12,Sterling,3,10,Man City,43,75,2
470,239,12,Agüero,4,10,Man City,43,127,2
475,242,12,de Gea,1,11,Man Utd,1,55,2
480,245,12,Jones,2,11,Man Utd,1,45,2
490,250,12,Valencia,2,11,Man Utd,1,58,2
505,259,12,Carrick,3,11,Man Utd,1,42,2
530,274,12,Valdés,1,12,Middlesbrough,25,45,2
535,278,12,Gibson,2,12,Middlesbrough,25,49,2
545,286,12,Forshaw,3,12,Middlesbrough,25,45,2
555,290,12,de Roon,3,12,Middlesbrough,25,43,2
605,314,12,Austin,4,13,Southampton,20,63,2
610,318,12,Shawcross,2,14,Stoke,110,49,2
615,321,12,Pieters,2,14,Stoke,110,46,2
640,331,12,Arnautovic,3,14,Stoke,110,71,2
645,333,12,Shaqiri,3,14,Stoke,110,60,2
690,359,12,Williams,2,6,Everton,11,52,2
695,360,12,Taylor,2,16,Swansea,80,41,2
700,362,12,Amat,2,16,Swansea,80,38,2
710,369,12,Routledge,3,16,Swansea,80,45,2
725,375,12,Fer,3,16,Swansea,80,48,2
760,390,12,Dier,3,17,Spurs,6,50,2
765,394,12,Eriksen,3,17,Spurs,6,89,2
775,400,12,Wanyama,3,17,Spurs,6,48,2
815,422,12,Amrabat,3,18,Watford,57,50,2
875,451,12,Randolph,1,20,West Ham,21,44,2
900,460,12,Obiang,3,20,West Ham,21,43,2
905,461,12,Payet,3,20,West Ham,21,90,2
925,470,12,Sakho,4,20,West Ham,21,57,2
935,477,12,Barragán,2,12,Middlesbrough,25,43,2
940,478,12,Negredo,4,12,Middlesbrough,25,61,2
955,491,12,Ramírez,3,12,Middlesbrough,25,52,2
965,503,12,Pogba,3,11,Man Utd,1,82,2
975,527,12,Fabio,2,12,Middlesbrough,25,42,2
990,541,12,Bravo,1,10,Man City,43,50,2
1010,555,12,Mustafi,2,1,Arsenal,3,58,2
1015,560,12,Hendrick,3,3,Burnley,90,53,2
1025,562,12,Martins Indi,2,14,Stoke,110,49,2
1045,574,12,Grant,1,14,Stoke,110,43,2
10,11,12,Chambers,2,12,Middlesbrough,25,43,1
15,12,12,Sánchez,3,1,Arsenal,3,117,1
100,38,12,Pugh,3,2,Bournemouth,91,46,1
120,52,12,Afobe,4,2,Bournemouth,91,53,1
135,62,12,Boyd,3,3,Burnley,90,51,1
155,68,12,Gray,4,3,Burnley,90,60,1
215,100,12,Hennessey,1,5,Crystal Palace,31,43,1
220,103,12,Tomkins,2,5,Crystal Palace,31,48,1
225,104,12,Dann,2,5,Crystal Palace,31,51,1
230,105,12,Ward,2,5,Crystal Palace,31,48,1
265,125,12,Baines,2,6,Everton,11,58,1
275,134,12,Barkley,3,6,Everton,11,70,1
295,150,12,Dawson,2,7,Hull,88,42,1
325,167,12,Morgan,2,8,Leicester,13,46,1
385,202,12,Allen,3,14,Stoke,110,49,1
420,217,12,Origi,4,9,Liverpool,14,60,1
430,221,12,Zabaleta,2,10,Man City,43,47,1
440,226,12,Otamendi,2,10,Man City,43,59,1
450,230,12,Silva,3,10,Man City,43,86,1
540,283,12,Clayton,3,12,Middlesbrough,25,43,1
550,289,12,Fischer,3,12,Middlesbrough,25,49,1
625,325,12,Johnson,2,14,Stoke,110,47,1
630,328,12,Adam,3,14,Stoke,110,46,1
635,330,12,Walters,3,14,Stoke,110,53,1
730,379,12,Barrow,4,16,Swansea,80,50,1
735,380,12,Lloris,1,17,Spurs,6,55,1
755,385,12,Vertonghen,2,17,Spurs,6,58,1
770,398,12,Alli,3,17,Spurs,6,91,1
885,454,12,Cresswell,2,20,West Ham,21,51,1
890,456,12,Ogbonna,2,20,West Ham,21,47,1
1000,552,12,Okaka,4,18,Watford,57,51,1
1005,554,12,Marshall,1,7,Hull,88,44,1
45,21,12,Iwobi,3,1,Arsenal,3,53,0
50,24,12,Xhaka,3,1,Arsenal,3,52,0
60,29,12,Boruc,1,2,Bournemouth,91,45,0
85,34,12,Smith,2,2,Bournemouth,91,46,0
125,54,12,Heaton,1,3,Burnley,90,51,0
130,57,12,Ward,2,3,Burnley,90,45,0
180,83,12,Fàbregas,3,4,Chelsea,8,70,0
185,86,12,Willian,3,4,Chelsea,8,70,0
235,107,12,Delaney,2,5,Crystal Palace,31,48,0
250,113,12,Ledley,3,5,Crystal Palace,31,43,0
280,137,12,Barry,3,6,Everton,11,43,0
320,164,12,Diomande,4,7,Hull,88,43,0
340,178,12,King,3,8,Leicester,13,47,0
395,205,12,Lallana,3,9,Liverpool,14,67,0
435,223,12,Clichy,2,10,Man City,43,52,0
520,268,12,Mkhitaryan,3,11,Man Utd,1,87,0
525,272,12,Ibrahimovic,4,11,Man Utd,1,114,0
580,302,12,Martina,2,13,Southampton,20,43,0
595,306,12,Ward-Prowse,3,13,Southampton,20,50,0
620,322,12,Muniesa,2,14,Stoke,110,40,0
650,337,12,Diouf,4,14,Stoke,110,57,0
720,373,12,Montero,3,16,Swansea,80,50,0
740,382,12,Alderweireld,2,17,Spurs,6,64,0
745,383,12,Rose,2,17,Spurs,6,58,0
750,384,12,Walker,2,17,Spurs,6,62,0
795,411,12,Holebas,2,18,Watford,57,46,0
805,414,12,Kabasele,2,18,Watford,57,48,0
895,458,12,Noble,3,20,West Ham,21,62,0
920,468,12,Carroll,4,20,West Ham,21,59,0
960,500,12,Llorente,4,16,Swansea,80,63,0
980,536,12,Fraser,3,2,Bournemouth,91,46,0
1030,567,12,Slimani,4,8,Leicester,13,82,0
1040,572,12,Sissoko,3,17,Spurs,6,66,0
961,500,13,Llorente,4,16,Swansea,80,63,15
16,12,13,Sánchez,3,1,Arsenal,3,117,14
726,375,13,Fer,3,16,Swansea,80,48,14
471,239,13,Agüero,4,10,Man City,43,127,12
941,478,13,Negredo,4,12,Middlesbrough,25,61,12
246,111,13,Zaha,3,5,Crystal Palace,31,58,10
416,213,13,Christian Benteke,4,5,Crystal Palace,31,72,10
706,368,13,Sigurdsson,3,16,Swansea,80,74,10
766,394,13,Eriksen,3,17,Spurs,6,89,10
841,436,13,McAuley,2,19,West Brom,35,50,10
21,13,13,Walcott,3,1,Arsenal,3,72,9
201,92,13,Moses,3,4,Chelsea,8,55,9
296,150,13,Dawson,2,7,Hull,88,42,9
331,176,13,Mahrez,3,8,Leicester,13,89,9
381,201,13,Henderson,3,9,Liverpool,14,62,9
401,208,13,Milner,3,9,Liverpool,14,63,9
526,272,13,Ibrahimovic,4,11,Man Utd,1,114,9
606,314,13,Austin,4,13,Southampton,20,63,9
1026,562,13,Martins Indi,2,14,Stoke,110,49,9
576,301,13,Cédric,2,13,Southampton,20,49,8
626,325,13,Johnson,2,14,Stoke,110,47,8
926,470,13,Sakho,4,20,West Ham,21,57,8
196,90,13,Pedro,3,4,Chelsea,8,68,7
371,193,13,Clyne,2,9,Liverpool,14,59,7
421,217,13,Origi,4,9,Liverpool,14,60,7
586,303,13,van Dijk,2,13,Southampton,20,56,7
1046,574,13,Grant,1,14,Stoke,110,43,7
116,49,13,Callum Wilson,4,2,Bournemouth,91,60,6
191,87,13,Matic,3,4,Chelsea,8,48,6
221,103,13,Tomkins,2,5,Crystal Palace,31,48,6
361,189,13,Karius,1,9,Liverpool,14,43,6
376,199,13,Matip,2,9,Liverpool,14,54,6
411,212,13,Mané,3,9,Liverpool,14,93,6
441,226,13,Otamendi,2,10,Man City,43,59,6
546,286,13,Forshaw,3,12,Middlesbrough,25,45,6
561,294,13,Forster,1,13,Southampton,20,50,6
566,296,13,Bertrand,2,13,Southampton,20,56,6
571,297,13,Fonte,2,20,West Ham,21,53,6
616,321,13,Pieters,2,14,Stoke,110,46,6
621,322,13,Muniesa,2,14,Stoke,110,40,6
631,328,13,Adam,3,14,Stoke,110,46,6
6,10,13,Monreal,2,1,Arsenal,3,59,5
146,64,13,Marney,3,3,Burnley,90,43,5
211,97,13,Costa,4,4,Chelsea,8,104,5
256,114,13,McArthur,3,5,Crystal Palace,31,47,5
366,191,13,Lovren,2,9,Liverpool,14,49,5
771,398,13,Alli,3,17,Spurs,6,91,5
866,446,13,Phillips,3,19,West Brom,35,53,5
906,461,13,Payet,3,20,West Ham,21,90,5
956,491,13,Ramírez,3,12,Middlesbrough,25,52,5
966,503,13,Pogba,3,11,Man Utd,1,82,5
1031,567,13,Slimani,4,8,Leicester,13,82,5
56,25,13,Giroud,4,1,Arsenal,3,81,4
261,124,13,Stekelenburg,1,6,Everton,11,47,4
326,167,13,Morgan,2,8,Leicester,13,46,4
876,451,13,Randolph,1,20,West Ham,21,44,4
51,24,13,Xhaka,3,1,Arsenal,3,52,3
161,73,13,Courtois,1,4,Chelsea,8,59,3
226,104,13,Dann,2,5,Crystal Palace,31,51,3
391,204,13,Can,3,9,Liverpool,14,48,3
406,209,13,Firmino,3,9,Liverpool,14,85,3
591,304,13,Redmond,3,13,Southampton,20,59,3
596,306,13,Ward-Prowse,3,13,Southampton,20,50,3
601,310,13,Oriol Romeu,3,13,Southampton,20,44,3
636,330,13,Walters,3,14,Stoke,110,53,3
641,331,13,Arnautovic,3,14,Stoke,110,71,3
646,333,13,Shaqiri,3,14,Stoke,110,60,3
696,360,13,Taylor,2,16,Swansea,80,41,3
801,412,13,Nyom,2,19,West Brom,35,44,3
826,430,13,Foster,1,19,West Brom,35,47,3
851,439,13,Fletcher,3,19,West Brom,35,44,3
946,485,13,Wijnaldum,3,9,Liverpool,14,75,3
991,541,13,Bravo,1,10,Man City,43,50,3
1,2,13,Cech,1,1,Arsenal,3,54,2
26,14,13,Özil,3,1,Arsenal,3,95,2
36,18,13,Chamberlain,3,1,Arsenal,3,58,2
106,42,13,Stanislas,3,2,Bournemouth,91,46,2
111,48,13,King,3,2,Bournemouth,91,62,2
136,62,13,Boyd,3,3,Burnley,90,51,2
151,67,13,Vokes,4,3,Burnley,90,57,2
166,77,13,Azpilicueta,2,4,Chelsea,8,64,2
171,78,13,Cahill,2,4,Chelsea,8,67,2
176,82,13,Hazard,3,4,Chelsea,8,105,2
206,95,13,Kanté,3,4,Chelsea,8,47,2
266,125,13,Baines,2,6,Everton,11,58,2
271,126,13,Coleman,2,6,Everton,11,56,2
276,134,13,Barkley,3,6,Everton,11,70,2
281,137,13,Barry,3,6,Everton,11,43,2
286,142,13,Lennon,3,6,Everton,11,55,2
301,155,13,Snodgrass,3,20,West Ham,21,55,2
311,157,13,Livermore,3,19,West Brom,35,47,2
316,158,13,Elmohamady,3,7,Hull,88,46,2
341,178,13,King,3,8,Leicester,13,47,2
356,186,13,Okazaki,4,8,Leicester,13,56,2
426,220,13,Kolarov,2,10,Man City,43,58,2
436,223,13,Clichy,2,10,Man City,43,52,2
456,231,13,Yaya Touré,3,10,Man City,43,72,2
476,242,13,de Gea,1,11,Man Utd,1,55,2
481,245,13,Jones,2,11,Man Utd,1,45,2
486,248,13,Rojo,2,11,Man Utd,1,52,2
496,251,13,Darmian,2,11,Man Utd,1,50,2
501,256,13,Mata,3,11,Man Utd,1,72,2
511,262,13,Herrera,3,11,Man Utd,1,62,2
541,283,13,Clayton,3,12,Middlesbrough,25,43,2
556,290,13,de Roon,3,12,Middlesbrough,25,43,2
651,337,13,Diouf,4,14,Stoke,110,57,2
656,340,13,Pickford,1,15,Sunderland,56,42,2
676,353,13,Watmore,3,15,Sunderland,56,47,2
681,355,13,Defoe,4,15,Sunderland,56,74,2
731,379,13,Barrow,4,16,Swansea,80,50,2
736,380,13,Lloris,1,17,Spurs,6,55,2
761,390,13,Dier,3,17,Spurs,6,50,2
776,400,13,Wanyama,3,17,Spurs,6,48,2
781,402,13,Son,3,17,Spurs,6,72,2
786,403,13,Kane,4,17,Spurs,6,119,2
791,409,13,Prödl,2,18,Watford,57,43,2
806,414,13,Kabasele,2,18,Watford,57,48,2
811,416,13,Capoue,3,18,Watford,57,45,2
821,425,13,Deeney,4,18,Watford,57,66,2
836,433,13,Dawson,2,19,West Brom,35,49,2
846,438,13,Brunt,2,19,West Brom,35,48,2
856,441,13,Morrison,3,19,West Brom,35,43,2
861,442,13,Yacob,3,19,West Brom,35,43,2
871,449,13,Rondón,4,19,West Brom,35,63,2
891,456,13,Ogbonna,2,20,West Ham,21,47,2
896,458,13,Noble,3,20,West Ham,21,62,2
901,460,13,Obiang,3,20,West Ham,21,43,2
911,462,13,Lanzini,3,20,West Ham,21,59,2
916,464,13,Antonio,3,20,West Ham,21,67,2
951,488,13,Gueye,3,6,Everton,11,50,2
986,539,13,Pereyra,3,18,Watford,57,58,2
1006,554,13,Marshall,1,7,Hull,88,44,2
1016,560,13,Hendrick,3,3,Burnley,90,53,2
1021,561,13,Alonso,2,4,Chelsea,8,69,2
1051,575,13,Anichebe,4,15,Sunderland,56,43,2
66,30,13,Federici,1,2,Bournemouth,91,44,1
86,34,13,Smith,2,2,Bournemouth,91,46,1
91,36,13,Aké,2,4,Chelsea,8,39,1
96,37,13,Arter,3,2,Bournemouth,91,50,1
121,52,13,Afobe,4,2,Bournemouth,91,53,1
131,57,13,Ward,2,3,Burnley,90,45,1
141,63,13,Arfield,3,3,Burnley,90,52,1
241,110,13,Puncheon,3,5,Crystal Palace,31,51,1
291,143,13,Lukaku,4,6,Everton,11,101,1
306,156,13,Clucas,3,7,Hull,88,47,1
336,177,13,Albrighton,3,8,Leicester,13,50,1
346,182,13,Amartey,3,8,Leicester,13,43,1
351,184,13,Vardy,4,8,Leicester,13,99,1
446,228,13,Sterling,3,10,Man City,43,75,1
461,235,13,De Bruyne,3,10,Man City,43,105,1
466,237,13,Nolito,3,10,Man City,43,84,1
491,250,13,Valencia,2,11,Man Utd,1,58,1
521,268,13,Mkhitaryan,3,11,Man Utd,1,87,1
536,278,13,Gibson,2,12,Middlesbrough,25,49,1
551,289,13,Fischer,3,12,Middlesbrough,25,49,1
661,343,13,Jones,2,15,Sunderland,56,44,1
666,344,13,van Aanholt,2,5,Crystal Palace,31,49,1
691,359,13,Williams,2,6,Everton,11,52,1
711,369,13,Routledge,3,16,Swansea,80,45,1
716,371,13,Fulton,3,16,Swansea,80,44,1
721,373,13,Montero,3,16,Swansea,80,50,1
751,384,13,Walker,2,17,Spurs,6,62,1
756,385,13,Vertonghen,2,17,Spurs,6,58,1
816,422,13,Amrabat,3,18,Watford,57,50,1
831,431,13,Evans,2,19,West Brom,35,44,1
886,454,13,Cresswell,2,20,West Ham,21,51,1
931,476,13,Denayer,2,15,Sunderland,56,47,1
936,477,13,Barragán,2,12,Middlesbrough,25,43,1
971,513,13,Winks,3,17,Spurs,6,45,1
976,527,13,Fabio,2,12,Middlesbrough,25,42,1
1001,552,13,Okaka,4,18,Watford,57,51,1
1011,555,13,Mustafi,2,1,Arsenal,3,58,1
1036,570,13,David Luiz,2,4,Chelsea,8,62,1
11,11,13,Chambers,2,12,Middlesbrough,25,43,0
31,17,13,Wilshere,3,2,Bournemouth,91,58,0
41,20,13,Coquelin,3,1,Arsenal,3,42,0
46,21,13,Iwobi,3,1,Arsenal,3,53,0
61,29,13,Boruc,1,2,Bournemouth,91,45,0
71,31,13,Francis,2,2,Bournemouth,91,45,0
76,32,13,Steve Cook,2,2,Bournemouth,91,48,0
81,33,13,Daniels,2,2,Bournemouth,91,52,0
101,38,13,Pugh,3,2,Bournemouth,91,46,0
126,54,13,Heaton,1,3,Burnley,90,51,0
156,68,13,Gray,4,3,Burnley,90,60,0
181,83,13,Fàbregas,3,4,Chelsea,8,70,0
186,86,13,Willian,3,4,Chelsea,8,70,0
216,100,13,Hennessey,1,5,Crystal Palace,31,43,0
231,105,13,Ward,2,5,Crystal Palace,31,48,0
236,107,13,Delaney,2,5,Crystal Palace,31,48,0
251,113,13,Ledley,3,5,Crystal Palace,31,43,0
321,164,13,Diomande,4,7,Hull,88,43,0
386,202,13,Allen,3,14,Stoke,110,49,0
396,205,13,Lallana,3,9,Liverpool,14,67,0
431,221,13,Zabaleta,2,10,Man City,43,47,0
451,230,13,Silva,3,10,Man City,43,86,0
506,259,13,Carrick,3,11,Man Utd,1,42,0
516,267,13,Martial,3,11,Man Utd,1,92,0
531,274,13,Valdés,1,12,Middlesbrough,25,45,0
581,302,13,Martina,2,13,Southampton,20,43,0
611,318,13,Shawcross,2,14,Stoke,110,49,0
671,346,13,Koné,2,15,Sunderland,56,42,0
686,356,13,Fabianski,1,16,Swansea,80,48,0
701,362,13,Amat,2,16,Swansea,80,38,0
741,382,13,Alderweireld,2,17,Spurs,6,64,0
746,383,13,Rose,2,17,Spurs,6,58,0
796,411,13,Holebas,2,18,Watford,57,46,0
881,453,13,Reid,2,20,West Ham,21,49,0
921,468,13,Carroll,4,20,West Ham,21,59,0
981,536,13,Fraser,3,2,Bournemouth,91,46,0
996,551,13,Boufal,3,13,Southampton,20,67,0
1041,572,13,Sissoko,3,17,Spurs,6,66,0
17,12,14,Sánchez,3,1,Arsenal,3,117,23
767,394,14,Eriksen,3,17,Spurs,6,89,18
982,536,14,Fraser,3,2,Bournemouth,91,46,15
622,322,14,Muniesa,2,14,Stoke,110,40,14
847,438,14,Brunt,2,19,West Brom,35,48,14
222,103,14,Tomkins,2,5,Crystal Palace,31,48,13
787,403,14,Kane,4,17,Spurs,6,119,13
37,18,14,Chamberlain,3,1,Arsenal,3,58,12
212,97,14,Costa,4,4,Chelsea,8,104,12
417,213,14,Christian Benteke,4,5,Crystal Palace,31,72,12
27,14,14,Özil,3,1,Arsenal,3,95,11
267,125,14,Baines,2,6,Everton,11,58,11
392,204,14,Can,3,9,Liverpool,14,48,11
412,212,14,Mané,3,9,Liverpool,14,93,11
782,402,14,Son,3,17,Spurs,6,72,11
957,491,14,Ramírez,3,12,Middlesbrough,25,52,11
637,330,14,Walters,3,14,Stoke,110,53,10
177,82,14,Hazard,3,4,Chelsea,8,105,9
682,355,14,Defoe,4,15,Sunderland,56,74,9
772,398,14,Alli,3,17,Spurs,6,91,9
832,431,14,Evans,2,19,West Brom,35,44,9
867,446,14,Phillips,3,19,West Brom,35,53,9
537,278,14,Gibson,2,12,Middlesbrough,25,49,8
807,414,14,Kabasele,2,18,Watford,57,48,8
952,488,14,Gueye,3,6,Everton,11,50,8
1047,574,14,Grant,1,14,Stoke,110,43,8
12,11,14,Chambers,2,12,Middlesbrough,25,43,7
77,32,14,Steve Cook,2,2,Bournemouth,91,48,7
92,36,14,Aké,2,4,Chelsea,8,39,7
217,100,14,Hennessey,1,5,Crystal Palace,31,43,7
237,107,14,Delaney,2,5,Crystal Palace,31,48,7
357,186,14,Okazaki,4,8,Leicester,13,56,7
527,272,14,Ibrahimovic,4,11,Man Utd,1,114,7
627,325,14,Johnson,2,14,Stoke,110,47,7
752,384,14,Walker,2,17,Spurs,6,62,7
937,477,14,Barragán,2,12,Middlesbrough,25,43,7
117,49,14,Callum Wilson,4,2,Bournemouth,91,60,6
187,86,14,Willian,3,4,Chelsea,8,70,6
227,104,14,Dann,2,5,Crystal Palace,31,51,6
232,105,14,Ward,2,5,Crystal Palace,31,48,6
242,110,14,Puncheon,3,5,Crystal Palace,31,51,6
252,113,14,Ledley,3,5,Crystal Palace,31,43,6
422,217,14,Origi,4,9,Liverpool,14,60,6
517,267,14,Martial,3,11,Man Utd,1,92,6
532,274,14,Valdés,1,12,Middlesbrough,25,45,6
552,289,14,Fischer,3,12,Middlesbrough,25,49,6
617,321,14,Pieters,2,14,Stoke,110,46,6
642,331,14,Arnautovic,3,14,Stoke,110,71,6
677,353,14,Watmore,3,15,Sunderland,56,47,6
737,380,14,Lloris,1,17,Spurs,6,55,6
747,383,14,Rose,2,17,Spurs,6,58,6
757,385,14,Vertonghen,2,17,Spurs,6,58,6
1022,561,14,Alonso,2,4,Chelsea,8,69,6
1027,562,14,Martins Indi,2,14,Stoke,110,49,6
852,439,14,Fletcher,3,19,West Brom,35,44,5
857,441,14,Morrison,3,19,West Brom,35,43,5
907,461,14,Payet,3,20,West Ham,21,90,5
922,468,14,Carroll,4,20,West Ham,21,59,5
977,527,14,Fabio,2,12,Middlesbrough,25,42,5
122,52,14,Afobe,4,2,Bournemouth,91,53,4
182,83,14,Fàbregas,3,4,Chelsea,8,70,4
382,201,14,Henderson,3,9,Liverpool,14,62,4
652,337,14,Diouf,4,14,Stoke,110,57,4
822,425,14,Deeney,4,18,Watford,57,66,4
1012,555,14,Mustafi,2,1,Arsenal,3,58,4
1042,572,14,Sissoko,3,17,Spurs,6,66,4
22,13,14,Walcott,3,1,Arsenal,3,72,3
162,73,14,Courtois,1,4,Chelsea,8,59,3
247,111,14,Zaha,3,5,Crystal Palace,31,58,3
522,268,14,Mkhitaryan,3,11,Man Utd,1,87,3
542,283,14,Clayton,3,12,Middlesbrough,25,43,3
547,286,14,Forshaw,3,12,Middlesbrough,25,45,3
557,290,14,de Roon,3,12,Middlesbrough,25,43,3
632,328,14,Adam,3,14,Stoke,110,46,3
647,333,14,Shaqiri,3,14,Stoke,110,60,3
657,340,14,Pickford,1,15,Sunderland,56,42,3
762,390,14,Dier,3,17,Spurs,6,50,3
777,400,14,Wanyama,3,17,Spurs,6,48,3
827,430,14,Foster,1,19,West Brom,35,47,3
1007,554,14,Marshall,1,7,Hull,88,44,3
2,2,14,Cech,1,1,Arsenal,3,54,2
7,10,14,Monreal,2,1,Arsenal,3,59,2
52,24,14,Xhaka,3,1,Arsenal,3,52,2
97,37,14,Arter,3,2,Bournemouth,91,50,2
137,62,14,Boyd,3,3,Burnley,90,51,2
142,63,14,Arfield,3,3,Burnley,90,52,2
147,64,14,Marney,3,3,Burnley,90,43,2
157,68,14,Gray,4,3,Burnley,90,60,2
167,77,14,Azpilicueta,2,4,Chelsea,8,64,2
202,92,14,Moses,3,4,Chelsea,8,55,2
257,114,14,McArthur,3,5,Crystal Palace,31,47,2
262,124,14,Stekelenburg,1,6,Everton,11,47,2
272,126,14,Coleman,2,6,Everton,11,56,2
297,150,14,Dawson,2,7,Hull,88,42,2
302,155,14,Snodgrass,3,20,West Ham,21,55,2
307,156,14,Clucas,3,7,Hull,88,47,2
317,158,14,Elmohamady,3,7,Hull,88,46,2
322,164,14,Diomande,4,7,Hull,88,43,2
332,176,14,Mahrez,3,8,Leicester,13,89,2
337,177,14,Albrighton,3,8,Leicester,13,50,2
342,178,14,King,3,8,Leicester,13,47,2
347,182,14,Amartey,3,8,Leicester,13,43,2
352,184,14,Vardy,4,8,Leicester,13,99,2
402,208,14,Milner,3,9,Liverpool,14,63,2
407,209,14,Firmino,3,9,Liverpool,14,85,2
452,230,14,Silva,3,10,Man City,43,86,2
462,235,14,De Bruyne,3,10,Man City,43,105,2
477,242,14,de Gea,1,11,Man Utd,1,55,2
482,245,14,Jones,2,11,Man Utd,1,45,2
492,250,14,Valencia,2,11,Man Utd,1,58,2
497,251,14,Darmian,2,11,Man Utd,1,50,2
507,259,14,Carrick,3,11,Man Utd,1,42,2
512,262,14,Herrera,3,11,Man Utd,1,62,2
592,304,14,Redmond,3,13,Southampton,20,59,2
597,306,14,Ward-Prowse,3,13,Southampton,20,50,2
602,310,14,Oriol Romeu,3,13,Southampton,20,44,2
662,343,14,Jones,2,15,Sunderland,56,44,2
672,346,14,Koné,2,15,Sunderland,56,42,2
687,356,14,Fabianski,1,16,Swansea,80,48,2
692,359,14,Williams,2,6,Everton,11,52,2
707,368,14,Sigurdsson,3,16,Swansea,80,74,2
722,373,14,Montero,3,16,Swansea,80,50,2
732,379,14,Barrow,4,16,Swansea,80,50,2
802,412,14,Nyom,2,19,West Brom,35,44,2
812,416,14,Capoue,3,18,Watford,57,45,2
817,422,14,Amrabat,3,18,Watford,57,50,2
837,433,14,Dawson,2,19,West Brom,35,49,2
862,442,14,Yacob,3,19,West Brom,35,43,2
872,449,14,Rondón,4,19,West Brom,35,63,2
897,458,14,Noble,3,20,West Ham,21,62,2
902,460,14,Obiang,3,20,West Ham,21,43,2
912,462,14,Lanzini,3,20,West Ham,21,59,2
942,478,14,Negredo,4,12,Middlesbrough,25,61,2
947,485,14,Wijnaldum,3,9,Liverpool,14,75,2
967,503,14,Pogba,3,11,Man Utd,1,82,2
997,551,14,Boufal,3,13,Southampton,20,67,2
1002,552,14,Okaka,4,18,Watford,57,51,2
1032,567,14,Slimani,4,8,Leicester,13,82,2
1037,570,14,David Luiz,2,4,Chelsea,8,62,2
1052,575,14,Anichebe,4,15,Sunderland,56,43,2
32,17,14,Wilshere,3,2,Bournemouth,91,58,1
42,20,14,Coquelin,3,1,Arsenal,3,42,1
47,21,14,Iwobi,3,1,Arsenal,3,53,1
62,29,14,Boruc,1,2,Bournemouth,91,45,1
87,34,14,Smith,2,2,Bournemouth,91,46,1
107,42,14,Stanislas,3,2,Bournemouth,91,46,1
112,48,14,King,3,2,Bournemouth,91,62,1
132,57,14,Ward,2,3,Burnley,90,45,1
152,67,14,Vokes,4,3,Burnley,90,57,1
197,90,14,Pedro,3,4,Chelsea,8,68,1
207,95,14,Kanté,3,4,Chelsea,8,47,1
282,137,14,Barry,3,6,Everton,11,43,1
292,143,14,Lukaku,4,6,Everton,11,101,1
312,157,14,Livermore,3,19,West Brom,35,47,1
327,167,14,Morgan,2,8,Leicester,13,46,1
362,189,14,Karius,1,9,Liverpool,14,43,1
387,202,14,Allen,3,14,Stoke,110,49,1
397,205,14,Lallana,3,9,Liverpool,14,67,1
427,220,14,Kolarov,2,10,Man City,43,58,1
457,231,14,Yaya Touré,3,10,Man City,43,72,1
487,248,14,Rojo,2,11,Man Utd,1,52,1
562,294,14,Forster,1,13,Southampton,20,50,1
567,296,14,Bertrand,2,13,Southampton,20,56,1
572,297,14,Fonte,2,20,West Ham,21,53,1
577,301,14,Cédric,2,13,Southampton,20,49,1
587,303,14,van Dijk,2,13,Southampton,20,56,1
607,314,14,Austin,4,13,Southampton,20,63,1
667,344,14,van Aanholt,2,5,Crystal Palace,31,49,1
712,369,14,Routledge,3,16,Swansea,80,45,1
727,375,14,Fer,3,16,Swansea,80,48,1
792,409,14,Prödl,2,18,Watford,57,43,1
797,411,14,Holebas,2,18,Watford,57,46,1
842,436,14,McAuley,2,19,West Brom,35,50,1
877,451,14,Randolph,1,20,West Ham,21,44,1
932,476,14,Denayer,2,15,Sunderland,56,47,1
962,500,14,Llorente,4,16,Swansea,80,63,1
972,513,14,Winks,3,17,Spurs,6,45,1
992,541,14,Bravo,1,10,Man City,43,50,1
1017,560,14,Hendrick,3,3,Burnley,90,53,1
57,25,14,Giroud,4,1,Arsenal,3,81,0
67,30,14,Federici,1,2,Bournemouth,91,44,0
72,31,14,Francis,2,2,Bournemouth,91,45,0
82,33,14,Daniels,2,2,Bournemouth,91,52,0
102,38,14,Pugh,3,2,Bournemouth,91,46,0
127,54,14,Heaton,1,3,Burnley,90,51,0
172,78,14,Cahill,2,4,Chelsea,8,67,0
192,87,14,Matic,3,4,Chelsea,8,48,0
277,134,14,Barkley,3,6,Everton,11,70,0
287,142,14,Lennon,3,6,Everton,11,55,0
367,191,14,Lovren,2,9,Liverpool,14,49,0
372,193,14,Clyne,2,9,Liverpool,14,59,0
377,199,14,Matip,2,9,Liverpool,14,54,0
432,221,14,Zabaleta,2,10,Man City,43,47,0
437,223,14,Clichy,2,10,Man City,43,52,0
442,226,14,Otamendi,2,10,Man City,43,59,0
447,228,14,Sterling,3,10,Man City,43,75,0
467,237,14,Nolito,3,10,Man City,43,84,0
502,256,14,Mata,3,11,Man Utd,1,72,0
582,302,14,Martina,2,13,Southampton,20,43,0
612,318,14,Shawcross,2,14,Stoke,110,49,0
697,360,14,Taylor,2,16,Swansea,80,41,0
717,371,14,Fulton,3,16,Swansea,80,44,0
742,382,14,Alderweireld,2,17,Spurs,6,64,0
887,454,14,Cresswell,2,20,West Ham,21,51,0
892,456,14,Ogbonna,2,20,West Ham,21,47,0
917,464,14,Antonio,3,20,West Ham,21,67,0
927,470,14,Sakho,4,20,West Ham,21,57,0
472,239,14,Agüero,4,10,Man City,43,127,-1
702,362,14,Amat,2,16,Swansea,80,38,-1
882,453,14,Reid,2,20,West Ham,21,49,-1
987,539,14,Pereyra,3,18,Watford,57,58,-1
353,184,15,Vardy,4,8,Leicester,13,99,17
248,111,15,Zaha,3,5,Crystal Palace,31,58,16
708,368,15,Sigurdsson,3,16,Swansea,80,74,13
963,500,15,Llorente,4,16,Swansea,80,63,13
1003,552,15,Okaka,4,18,Watford,57,51,13
293,143,15,Lukaku,4,6,Everton,11,101,12
428,220,15,Kolarov,2,10,Man City,43,58,11
28,14,15,Özil,3,1,Arsenal,3,95,10
83,33,15,Daniels,2,2,Bournemouth,91,52,10
303,155,15,Snodgrass,3,20,West Ham,21,55,10
168,77,15,Azpilicueta,2,4,Chelsea,8,64,9
313,157,15,Livermore,3,19,West Brom,35,47,9
423,217,15,Origi,4,9,Liverpool,14,60,9
513,262,15,Herrera,3,11,Man Utd,1,62,9
588,303,15,van Dijk,2,13,Southampton,20,56,9
633,328,15,Adam,3,14,Stoke,110,46,9
908,461,15,Payet,3,20,West Ham,21,90,9
213,97,15,Costa,4,4,Chelsea,8,104,8
343,178,15,King,3,8,Leicester,13,47,8
413,212,15,Mané,3,9,Liverpool,14,93,8
478,242,15,de Gea,1,11,Man Utd,1,55,8
483,245,15,Jones,2,11,Man Utd,1,45,8
583,302,15,Martina,2,13,Southampton,20,43,8
998,551,15,Boufal,3,13,Southampton,20,67,8
1018,560,15,Hendrick,3,3,Burnley,90,53,8
1033,567,15,Slimani,4,8,Leicester,13,82,8
23,13,15,Walcott,3,1,Arsenal,3,72,7
123,52,15,Afobe,4,2,Bournemouth,91,53,7
133,57,15,Ward,2,3,Burnley,90,45,7
173,78,15,Cahill,2,4,Chelsea,8,67,7
398,205,15,Lallana,3,9,Liverpool,14,67,7
488,248,15,Rojo,2,11,Man Utd,1,52,7
523,268,15,Mkhitaryan,3,11,Man Utd,1,87,7
793,409,15,Prödl,2,18,Watford,57,43,7
798,411,15,Holebas,2,18,Watford,57,46,7
918,464,15,Antonio,3,20,West Ham,21,67,7
48,21,15,Iwobi,3,1,Arsenal,3,53,6
73,31,15,Francis,2,2,Bournemouth,91,45,6
138,62,15,Boyd,3,3,Burnley,90,51,6
163,73,15,Courtois,1,4,Chelsea,8,59,6
323,164,15,Diomande,4,7,Hull,88,43,6
418,213,15,Christian Benteke,4,5,Crystal Palace,31,72,6
468,237,15,Nolito,3,10,Man City,43,84,6
498,251,15,Darmian,2,11,Man Utd,1,50,6
563,294,15,Forster,1,13,Southampton,20,50,6
598,306,15,Ward-Prowse,3,13,Southampton,20,50,6
688,356,15,Fabianski,1,16,Swansea,80,48,6
698,360,15,Taylor,2,16,Swansea,80,41,6
703,362,15,Amat,2,16,Swansea,80,38,6
713,369,15,Routledge,3,16,Swansea,80,45,6
1023,561,15,Alonso,2,4,Chelsea,8,69,6
1038,570,15,David Luiz,2,4,Chelsea,8,62,6
18,12,15,Sánchez,3,1,Arsenal,3,117,5
38,18,15,Chamberlain,3,1,Arsenal,3,58,5
283,137,15,Barry,3,6,Everton,11,43,5
388,202,15,Allen,3,14,Stoke,110,49,5
453,230,15,Silva,3,10,Man City,43,86,5
493,250,15,Valencia,2,11,Man Utd,1,58,5
573,297,15,Fonte,2,20,West Ham,21,53,5
818,422,15,Amrabat,3,18,Watford,57,50,5
903,460,15,Obiang,3,20,West Ham,21,43,5
103,38,15,Pugh,3,2,Bournemouth,91,46,4
158,68,15,Gray,4,3,Burnley,90,60,4
183,83,15,Fàbregas,3,4,Chelsea,8,70,4
288,142,15,Lennon,3,6,Everton,11,55,4
333,176,15,Mahrez,3,8,Leicester,13,89,4
723,373,15,Montero,3,16,Swansea,80,50,4
3,2,15,Cech,1,1,Arsenal,3,54,3
178,82,15,Hazard,3,4,Chelsea,8,105,3
198,90,15,Pedro,3,4,Chelsea,8,68,3
203,92,15,Moses,3,4,Chelsea,8,55,3
508,259,15,Carrick,3,11,Man Utd,1,42,3
518,267,15,Martial,3,11,Man Utd,1,92,3
718,371,15,Fulton,3,16,Swansea,80,44,3
738,380,15,Lloris,1,17,Spurs,6,55,3
8,10,15,Monreal,2,1,Arsenal,3,59,2
13,11,15,Chambers,2,12,Middlesbrough,25,43,2
43,20,15,Coquelin,3,1,Arsenal,3,42,2
53,24,15,Xhaka,3,1,Arsenal,3,52,2
63,29,15,Boruc,1,2,Bournemouth,91,45,2
148,64,15,Marney,3,3,Burnley,90,43,2
193,87,15,Matic,3,4,Chelsea,8,48,2
208,95,15,Kanté,3,4,Chelsea,8,47,2
218,100,15,Hennessey,1,5,Crystal Palace,31,43,2
253,113,15,Ledley,3,5,Crystal Palace,31,43,2
263,124,15,Stekelenburg,1,6,Everton,11,47,2
308,156,15,Clucas,3,7,Hull,88,47,2
338,177,15,Albrighton,3,8,Leicester,13,50,2
348,182,15,Amartey,3,8,Leicester,13,43,2
383,201,15,Henderson,3,9,Liverpool,14,62,2
403,208,15,Milner,3,9,Liverpool,14,63,2
463,235,15,De Bruyne,3,10,Man City,43,105,2
528,272,15,Ibrahimovic,4,11,Man Utd,1,114,2
533,274,15,Valdés,1,12,Middlesbrough,25,45,2
538,278,15,Gibson,2,12,Middlesbrough,25,49,2
553,289,15,Fischer,3,12,Middlesbrough,25,49,2
558,290,15,de Roon,3,12,Middlesbrough,25,43,2
603,310,15,Oriol Romeu,3,13,Southampton,20,44,2
643,331,15,Arnautovic,3,14,Stoke,110,71,2
648,333,15,Shaqiri,3,14,Stoke,110,60,2
653,337,15,Diouf,4,14,Stoke,110,57,2
683,355,15,Defoe,4,15,Sunderland,56,74,2
733,379,15,Barrow,4,16,Swansea,80,50,2
743,382,15,Alderweireld,2,17,Spurs,6,64,2
758,385,15,Vertonghen,2,17,Spurs,6,58,2
768,394,15,Eriksen,3,17,Spurs,6,89,2
773,398,15,Alli,3,17,Spurs,6,91,2
788,403,15,Kane,4,17,Spurs,6,119,2
803,412,15,Nyom,2,19,West Brom,35,44,2
813,416,15,Capoue,3,18,Watford,57,45,2
823,425,15,Deeney,4,18,Watford,57,66,2
828,430,15,Foster,1,19,West Brom,35,47,2
833,431,15,Evans,2,19,West Brom,35,44,2
853,439,15,Fletcher,3,19,West Brom,35,44,2
858,441,15,Morrison,3,19,West Brom,35,43,2
868,446,15,Phillips,3,19,West Brom,35,53,2
873,449,15,Rondón,4,19,West Brom,35,63,2
898,458,15,Noble,3,20,West Ham,21,62,2
913,462,15,Lanzini,3,20,West Ham,21,59,2
948,485,15,Wijnaldum,3,9,Liverpool,14,75,2
953,488,15,Gueye,3,6,Everton,11,50,2
968,503,15,Pogba,3,11,Man Utd,1,82,2
978,527,15,Fabio,2,12,Middlesbrough,25,42,2
983,536,15,Fraser,3,2,Bournemouth,91,46,2
1008,554,15,Marshall,1,7,Hull,88,44,2
1048,574,15,Grant,1,14,Stoke,110,43,2
1053,575,15,Anichebe,4,15,Sunderland,56,43,2
33,17,15,Wilshere,3,2,Bournemouth,91,58,1
58,25,15,Giroud,4,1,Arsenal,3,81,1
78,32,15,Steve Cook,2,2,Bournemouth,91,48,1
88,34,15,Smith,2,2,Bournemouth,91,46,1
93,36,15,Aké,2,4,Chelsea,8,39,1
98,37,15,Arter,3,2,Bournemouth,91,50,1
113,48,15,King,3,2,Bournemouth,91,62,1
118,49,15,Callum Wilson,4,2,Bournemouth,91,60,1
128,54,15,Heaton,1,3,Burnley,90,51,1
143,63,15,Arfield,3,3,Burnley,90,52,1
153,67,15,Vokes,4,3,Burnley,90,57,1
188,86,15,Willian,3,4,Chelsea,8,70,1
233,105,15,Ward,2,5,Crystal Palace,31,48,1
238,107,15,Delaney,2,5,Crystal Palace,31,48,1
243,110,15,Puncheon,3,5,Crystal Palace,31,51,1
258,114,15,McArthur,3,5,Crystal Palace,31,47,1
273,126,15,Coleman,2,6,Everton,11,56,1
278,134,15,Barkley,3,6,Everton,11,70,1
298,150,15,Dawson,2,7,Hull,88,42,1
318,158,15,Elmohamady,3,7,Hull,88,46,1
328,167,15,Morgan,2,8,Leicester,13,46,1
363,189,15,Karius,1,9,Liverpool,14,43,1
373,193,15,Clyne,2,9,Liverpool,14,59,1
378,199,15,Matip,2,9,Liverpool,14,54,1
408,209,15,Firmino,3,9,Liverpool,14,85,1
448,228,15,Sterling,3,10,Man City,43,75,1
458,231,15,Yaya Touré,3,10,Man City,43,72,1
543,283,15,Clayton,3,12,Middlesbrough,25,43,1
548,286,15,Forshaw,3,12,Middlesbrough,25,45,1
593,304,15,Redmond,3,13,Southampton,20,59,1
618,321,15,Pieters,2,14,Stoke,110,46,1
623,322,15,Muniesa,2,14,Stoke,110,40,1
628,325,15,Johnson,2,14,Stoke,110,47,1
658,340,15,Pickford,1,15,Sunderland,56,42,1
663,343,15,Jones,2,15,Sunderland,56,44,1
668,344,15,van Aanholt,2,5,Crystal Palace,31,49,1
673,346,15,Koné,2,15,Sunderland,56,42,1
693,359,15,Williams,2,6,Everton,11,52,1
748,383,15,Rose,2,17,Spurs,6,58,1
753,384,15,Walker,2,17,Spurs,6,62,1
778,400,15,Wanyama,3,17,Spurs,6,48,1
783,402,15,Son,3,17,Spurs,6,72,1
808,414,15,Kabasele,2,18,Watford,57,48,1
838,433,15,Dawson,2,19,West Brom,35,49,1
843,436,15,McAuley,2,19,West Brom,35,50,1
848,438,15,Brunt,2,19,West Brom,35,48,1
863,442,15,Yacob,3,19,West Brom,35,43,1
878,451,15,Randolph,1,20,West Ham,21,44,1
883,453,15,Reid,2,20,West Ham,21,49,1
888,454,15,Cresswell,2,20,West Ham,21,51,1
893,456,15,Ogbonna,2,20,West Ham,21,47,1
923,468,15,Carroll,4,20,West Ham,21,59,1
938,477,15,Barragán,2,12,Middlesbrough,25,43,1
973,513,15,Winks,3,17,Spurs,6,45,1
1013,555,15,Mustafi,2,1,Arsenal,3,58,1
1028,562,15,Martins Indi,2,14,Stoke,110,49,1
1043,572,15,Sissoko,3,17,Spurs,6,66,1
68,30,15,Federici,1,2,Bournemouth,91,44,0
108,42,15,Stanislas,3,2,Bournemouth,91,46,0
223,103,15,Tomkins,2,5,Crystal Palace,31,48,0
228,104,15,Dann,2,5,Crystal Palace,31,51,0
268,125,15,Baines,2,6,Everton,11,58,0
358,186,15,Okazaki,4,8,Leicester,13,56,0
368,191,15,Lovren,2,9,Liverpool,14,49,0
393,204,15,Can,3,9,Liverpool,14,48,0
433,221,15,Zabaleta,2,10,Man City,43,47,0
438,223,15,Clichy,2,10,Man City,43,52,0
443,226,15,Otamendi,2,10,Man City,43,59,0
473,239,15,Agüero,4,10,Man City,43,127,0
503,256,15,Mata,3,11,Man Utd,1,72,0
568,296,15,Bertrand,2,13,Southampton,20,56,0
578,301,15,Cédric,2,13,Southampton,20,49,0
608,314,15,Austin,4,13,Southampton,20,63,0
613,318,15,Shawcross,2,14,Stoke,110,49,0
638,330,15,Walters,3,14,Stoke,110,53,0
678,353,15,Watmore,3,15,Sunderland,56,47,0
728,375,15,Fer,3,16,Swansea,80,48,0
763,390,15,Dier,3,17,Spurs,6,50,0
928,470,15,Sakho,4,20,West Ham,21,57,0
933,476,15,Denayer,2,15,Sunderland,56,47,0
943,478,15,Negredo,4,12,Middlesbrough,25,61,0
958,491,15,Ramírez,3,12,Middlesbrough,25,52,0
988,539,15,Pereyra,3,18,Watford,57,58,0
993,541,15,Bravo,1,10,Man City,43,50,0
399,205,16,Lallana,3,9,Liverpool,14,67,19
769,394,16,Eriksen,3,17,Spurs,6,89,19
874,449,16,Rondón,4,19,West Brom,35,63,17
434,221,16,Zabaleta,2,10,Man City,43,47,14
129,54,16,Heaton,1,3,Burnley,90,51,12
969,503,16,Pogba,3,11,Man Utd,1,82,12
104,38,16,Pugh,3,2,Bournemouth,91,46,11
184,83,16,Fàbregas,3,4,Chelsea,8,70,11
424,217,16,Origi,4,9,Liverpool,14,60,11
529,272,16,Ibrahimovic,4,11,Man Utd,1,114,11
694,359,16,Williams,2,6,Everton,11,52,11
754,384,16,Walker,2,17,Spurs,6,62,11
374,193,16,Clyne,2,9,Liverpool,14,59,10
454,230,16,Silva,3,10,Man City,43,86,10
849,438,16,Brunt,2,19,West Brom,35,48,10
1049,574,16,Grant,1,14,Stoke,110,43,10
584,302,16,Martina,2,13,Southampton,20,43,9
589,303,16,van Dijk,2,13,Southampton,20,56,9
749,383,16,Rose,2,17,Spurs,6,58,9
94,36,16,Aké,2,4,Chelsea,8,39,8
169,77,16,Azpilicueta,2,4,Chelsea,8,64,8
259,114,16,McArthur,3,5,Crystal Palace,31,47,8
274,126,16,Coleman,2,6,Everton,11,56,8
739,380,16,Lloris,1,17,Spurs,6,55,8
779,400,16,Wanyama,3,17,Spurs,6,48,8
879,451,16,Randolph,1,20,West Ham,21,44,8
19,12,16,Sánchez,3,1,Arsenal,3,117,7
64,29,16,Boruc,1,2,Bournemouth,91,45,7
79,32,16,Steve Cook,2,2,Bournemouth,91,48,7
164,73,16,Courtois,1,4,Chelsea,8,59,7
174,78,16,Cahill,2,4,Chelsea,8,67,7
269,125,16,Baines,2,6,Everton,11,58,7
439,223,16,Clichy,2,10,Man City,43,52,7
564,294,16,Forster,1,13,Southampton,20,50,7
714,369,16,Routledge,3,16,Swansea,80,45,7
884,453,16,Reid,2,20,West Ham,21,49,7
1024,561,16,Alonso,2,4,Chelsea,8,69,7
74,31,16,Francis,2,2,Bournemouth,91,45,6
84,33,16,Daniels,2,2,Bournemouth,91,52,6
89,34,16,Smith,2,2,Bournemouth,91,46,6
189,86,16,Willian,3,4,Chelsea,8,70,6
279,134,16,Barkley,3,6,Everton,11,70,6
369,191,16,Lovren,2,9,Liverpool,14,49,6
429,220,16,Kolarov,2,10,Man City,43,58,6
444,226,16,Otamendi,2,10,Man City,43,59,6
449,228,16,Sterling,3,10,Man City,43,75,6
464,235,16,De Bruyne,3,10,Man City,43,105,6
569,296,16,Bertrand,2,13,Southampton,20,56,6
574,297,16,Fonte,2,20,West Ham,21,53,6
614,318,16,Shawcross,2,14,Stoke,110,49,6
619,321,16,Pieters,2,14,Stoke,110,46,6
629,325,16,Johnson,2,14,Stoke,110,47,6
744,382,16,Alderweireld,2,17,Spurs,6,64,6
759,385,16,Vertonghen,2,17,Spurs,6,58,6
889,454,16,Cresswell,2,20,West Ham,21,51,6
894,456,16,Ogbonna,2,20,West Ham,21,47,6
899,458,16,Noble,3,20,West Ham,21,62,6
994,541,16,Bravo,1,10,Man City,43,50,6
1029,562,16,Martins Indi,2,14,Stoke,110,49,6
1039,570,16,David Luiz,2,4,Chelsea,8,62,6
44,20,16,Coquelin,3,1,Arsenal,3,42,5
124,52,16,Afobe,4,2,Bournemouth,91,53,5
869,446,16,Phillips,3,19,West Brom,35,53,5
34,17,16,Wilshere,3,2,Bournemouth,91,58,3
99,37,16,Arter,3,2,Bournemouth,91,50,3
114,48,16,King,3,2,Bournemouth,91,62,3
209,95,16,Kanté,3,4,Chelsea,8,47,3
239,107,16,Delaney,2,5,Crystal Palace,31,48,3
384,201,16,Henderson,3,9,Liverpool,14,62,3
404,208,16,Milner,3,9,Liverpool,14,63,3
409,209,16,Firmino,3,9,Liverpool,14,85,3
414,212,16,Mané,3,9,Liverpool,14,93,3
459,231,16,Yaya Touré,3,10,Man City,43,72,3
469,237,16,Nolito,3,10,Man City,43,84,3
594,304,16,Redmond,3,13,Southampton,20,59,3
634,328,16,Adam,3,14,Stoke,110,46,3
639,330,16,Walters,3,14,Stoke,110,53,3
659,340,16,Pickford,1,15,Sunderland,56,42,3
764,390,16,Dier,3,17,Spurs,6,50,3
774,398,16,Alli,3,17,Spurs,6,91,3
804,412,16,Nyom,2,19,West Brom,35,44,3
829,430,16,Foster,1,19,West Brom,35,47,3
859,441,16,Morrison,3,19,West Brom,35,43,3
904,460,16,Obiang,3,20,West Ham,21,43,3
909,461,16,Payet,3,20,West Ham,21,90,3
914,462,16,Lanzini,3,20,West Ham,21,59,3
919,464,16,Antonio,3,20,West Ham,21,67,3
949,485,16,Wijnaldum,3,9,Liverpool,14,75,3
999,551,16,Boufal,3,13,Southampton,20,67,3
1009,554,16,Marshall,1,7,Hull,88,44,3
1044,572,16,Sissoko,3,17,Spurs,6,66,3
24,13,16,Walcott,3,1,Arsenal,3,72,2
29,14,16,Özil,3,1,Arsenal,3,95,2
39,18,16,Chamberlain,3,1,Arsenal,3,58,2
54,24,16,Xhaka,3,1,Arsenal,3,52,2
134,57,16,Ward,2,3,Burnley,90,45,2
139,62,16,Boyd,3,3,Burnley,90,51,2
144,63,16,Arfield,3,3,Burnley,90,52,2
149,64,16,Marney,3,3,Burnley,90,43,2
154,67,16,Vokes,4,3,Burnley,90,57,2
159,68,16,Gray,4,3,Burnley,90,60,2
199,90,16,Pedro,3,4,Chelsea,8,68,2
204,92,16,Moses,3,4,Chelsea,8,55,2
214,97,16,Costa,4,4,Chelsea,8,104,2
219,100,16,Hennessey,1,5,Crystal Palace,31,43,2
249,111,16,Zaha,3,5,Crystal Palace,31,58,2
264,124,16,Stekelenburg,1,6,Everton,11,47,2
289,142,16,Lennon,3,6,Everton,11,55,2
294,143,16,Lukaku,4,6,Everton,11,101,2
304,155,16,Snodgrass,3,20,West Ham,21,55,2
309,156,16,Clucas,3,7,Hull,88,47,2
314,157,16,Livermore,3,19,West Brom,35,47,2
319,158,16,Elmohamady,3,7,Hull,88,46,2
324,164,16,Diomande,4,7,Hull,88,43,2
334,176,16,Mahrez,3,8,Leicester,13,89,2
339,177,16,Albrighton,3,8,Leicester,13,50,2
349,182,16,Amartey,3,8,Leicester,13,43,2
354,184,16,Vardy,4,8,Leicester,13,99,2
389,202,16,Allen,3,14,Stoke,110,49,2
419,213,16,Christian Benteke,4,5,Crystal Palace,31,72,2
479,242,16,de Gea,1,11,Man Utd,1,55,2
484,245,16,Jones,2,11,Man Utd,1,45,2
504,256,16,Mata,3,11,Man Utd,1,72,2
509,259,16,Carrick,3,11,Man Utd,1,42,2
514,262,16,Herrera,3,11,Man Utd,1,62,2
549,286,16,Forshaw,3,12,Middlesbrough,25,45,2
559,290,16,de Roon,3,12,Middlesbrough,25,43,2
599,306,16,Ward-Prowse,3,13,Southampton,20,50,2
604,310,16,Oriol Romeu,3,13,Southampton,20,44,2
669,344,16,van Aanholt,2,5,Crystal Palace,31,49,2
674,346,16,Koné,2,15,Sunderland,56,42,2
709,368,16,Sigurdsson,3,16,Swansea,80,74,2
719,371,16,Fulton,3,16,Swansea,80,44,2
724,373,16,Montero,3,16,Swansea,80,50,2
789,403,16,Kane,4,17,Spurs,6,119,2
819,422,16,Amrabat,3,18,Watford,57,50,2
844,436,16,McAuley,2,19,West Brom,35,50,2
854,439,16,Fletcher,3,19,West Brom,35,44,2
864,442,16,Yacob,3,19,West Brom,35,43,2
924,468,16,Carroll,4,20,West Ham,21,59,2
934,476,16,Denayer,2,15,Sunderland,56,47,2
944,478,16,Negredo,4,12,Middlesbrough,25,61,2
954,488,16,Gueye,3,6,Everton,11,50,2
964,500,16,Llorente,4,16,Swansea,80,63,2
4,2,16,Cech,1,1,Arsenal,3,54,1
9,10,16,Monreal,2,1,Arsenal,3,59,1
14,11,16,Chambers,2,12,Middlesbrough,25,43,1
49,21,16,Iwobi,3,1,Arsenal,3,53,1
59,25,16,Giroud,4,1,Arsenal,3,81,1
119,49,16,Callum Wilson,4,2,Bournemouth,91,60,1
194,87,16,Matic,3,4,Chelsea,8,48,1
229,104,16,Dann,2,5,Crystal Palace,31,51,1
234,105,16,Ward,2,5,Crystal Palace,31,48,1
254,113,16,Ledley,3,5,Crystal Palace,31,43,1
299,150,16,Dawson,2,7,Hull,88,42,1
329,167,16,Morgan,2,8,Leicester,13,46,1
344,178,16,King,3,8,Leicester,13,47,1
359,186,16,Okazaki,4,8,Leicester,13,56,1
489,248,16,Rojo,2,11,Man Utd,1,52,1
499,251,16,Darmian,2,11,Man Utd,1,50,1
534,274,16,Valdés,1,12,Middlesbrough,25,45,1
544,283,16,Clayton,3,12,Middlesbrough,25,43,1
554,289,16,Fischer,3,12,Middlesbrough,25,49,1
624,322,16,Muniesa,2,14,Stoke,110,40,1
649,333,16,Shaqiri,3,14,Stoke,110,60,1
654,337,16,Diouf,4,14,Stoke,110,57,1
664,343,16,Jones,2,15,Sunderland,56,44,1
684,355,16,Defoe,4,15,Sunderland,56,74,1
689,356,16,Fabianski,1,16,Swansea,80,48,1
699,360,16,Taylor,2,16,Swansea,80,41,1
704,362,16,Amat,2,16,Swansea,80,38,1
734,379,16,Barrow,4,16,Swansea,80,50,1
784,402,16,Son,3,17,Spurs,6,72,1
799,411,16,Holebas,2,18,Watford,57,46,1
814,416,16,Capoue,3,18,Watford,57,45,1
824,425,16,Deeney,4,18,Watford,57,66,1
939,477,16,Barragán,2,12,Middlesbrough,25,43,1
974,513,16,Winks,3,17,Spurs,6,45,1
979,527,16,Fabio,2,12,Middlesbrough,25,42,1
989,539,16,Pereyra,3,18,Watford,57,58,1
1019,560,16,Hendrick,3,3,Burnley,90,53,1
1034,567,16,Slimani,4,8,Leicester,13,82,1
69,30,16,Federici,1,2,Bournemouth,91,44,0
109,42,16,Stanislas,3,2,Bournemouth,91,46,0
179,82,16,Hazard,3,4,Chelsea,8,105,0
224,103,16,Tomkins,2,5,Crystal Palace,31,48,0
244,110,16,Puncheon,3,5,Crystal Palace,31,51,0
284,137,16,Barry,3,6,Everton,11,43,0
364,189,16,Karius,1,9,Liverpool,14,43,0
379,199,16,Matip,2,9,Liverpool,14,54,0
394,204,16,Can,3,9,Liverpool,14,48,0
474,239,16,Agüero,4,10,Man City,43,127,0
494,250,16,Valencia,2,11,Man Utd,1,58,0
519,267,16,Martial,3,11,Man Utd,1,92,0
524,268,16,Mkhitaryan,3,11,Man Utd,1,87,0
539,278,16,Gibson,2,12,Middlesbrough,25,49,0
579,301,16,Cédric,2,13,Southampton,20,49,0
609,314,16,Austin,4,13,Southampton,20,63,0
679,353,16,Watmore,3,15,Sunderland,56,47,0
729,375,16,Fer,3,16,Swansea,80,48,0
794,409,16,Prödl,2,18,Watford,57,43,0
809,414,16,Kabasele,2,18,Watford,57,48,0
834,431,16,Evans,2,19,West Brom,35,44,0
839,433,16,Dawson,2,19,West Brom,35,49,0
929,470,16,Sakho,4,20,West Ham,21,57,0
959,491,16,Ramírez,3,12,Middlesbrough,25,52,0
984,536,16,Fraser,3,2,Bournemouth,91,46,0
1004,552,16,Okaka,4,18,Watford,57,51,0
1014,555,16,Mustafi,2,1,Arsenal,3,58,0
1054,575,16,Anichebe,4,15,Sunderland,56,43,0
644,331,16,Arnautovic,3,14,Stoke,110,71,-2
