index,ID,Name,Team,Pos,price,gw,xp,xmin,rp,rmin,games
1,1,Fábio Vieira,ARS,3,5.5,1,0.345,4.14,0.0,0.0,0.0
2,2,G.Jesus,ARS,4,7.0,1,2.8560000000000003,41.97,0.0,0.0,0.0
3,3,Gabriel,ARS,2,6.0,1,4.382,91.55,0.0,0.0,0.0
4,4,Havertz,ARS,4,8.0,1,5.349,85.22,0.0,0.0,0.0
5,5,Hein,ARS,1,4.0,1,0.0,0.0,0.0,0.0,0.0
6,6,J.Timber,ARS,2,5.5,1,0.474,10.91,0.0,0.0,0.0
7,7,Jorginho,ARS,3,5.0,1,1.126,25.72,0.0,0.0,0.0
8,8,Kiwior,ARS,2,5.0,1,0.172,3.61,0.0,0.0,0.0
9,9,Martinelli,ARS,3,7.0,1,3.789,52.23,0.0,0.0,0.0
10,10,Nelson,ARS,3,5.0,1,0.266,2.81,0.0,0.0,0.0
11,11,Nketiah,ARS,4,6.0,1,0.491,5.18,0.0,0.0,0.0
12,12,Nwaneri,ARS,3,4.5,1,0.338,5.35,0.0,0.0,0.0
13,13,Ødegaard,ARS,3,8.5,1,5.778,90.66,0.0,0.0,0.0
14,14,Ramsdale,ARS,1,4.5,1,0.093,2.08,0.0,0.0,0.0
15,15,Raya,ARS,1,5.5,1,4.065,93.28,0.0,0.0,0.0
16,16,Rice,ARS,3,6.5,1,3.4,75.95,0.0,0.0,0.0
17,17,Saka,ARS,3,10.0,1,6.244,79.03,0.0,0.0,0.0
18,18,Saliba,ARS,2,6.0,1,4.099,92.04,0.0,0.0,0.0
19,19,Smith Rowe,FUL,3,5.5,1,2.789,70.39,3.0,63.0,1.0
20,20,Thomas,ARS,3,5.0,1,1.904,46.12,0.0,0.0,0.0
21,21,Tierney,ARS,2,4.5,1,0.0,0.0,0.0,0.0,0.0
22,22,Tomiyasu,ARS,2,5.0,1,0.0,0.0,0.0,0.0,0.0
23,23,Trossard,ARS,3,7.0,1,3.844,51.12,0.0,0.0,0.0
24,24,White,ARS,2,6.5,1,4.03,82.94,0.0,0.0,0.0
25,25,Zinchenko,ARS,2,5.0,1,3.974,70.12,0.0,0.0,0.0
26,26,Alex Moreno,AVL,2,4.5,1,0.879,22.27,0.0,0.0,0.0
27,27,Archer,AVL,4,5.0,1,0.919,14.59,0.0,0.0,0.0
28,28,Bailey,AVL,3,6.5,1,3.3760000000000003,69.81,0.0,0.0,0.0
29,29,Barkley,AVL,3,5.5,1,1.285,27.2,0.0,0.0,0.0
30,30,Barrenechea,AVL,3,5.0,1,0.17,4.74,0.0,0.0,0.0
31,31,Buendia,AVL,3,5.5,1,0.534,8.7,0.0,0.0,0.0
32,32,Cash,AVL,2,4.5,1,2.168,66.18,0.0,0.0,0.0
33,33,Dendoncker,AVL,3,4.5,1,0.235,4.62,0.0,0.0,0.0
34,34,Diaby,AVL,3,6.5,1,0.0,0.0,0.0,0.0,0.0
35,35,Diego Carlos,AVL,2,4.5,1,0.96,32.44,0.0,0.0,0.0
36,36,Digne,AVL,2,4.5,1,1.497,39.92,0.0,0.0,0.0
37,37,Dobbin,AVL,3,5.0,1,0.0,0.0,0.0,0.0,0.0
38,38,Duran,AVL,4,6.0,1,2.153,40.81,0.0,0.0,0.0
39,39,Gauci,AVL,1,4.0,1,0.054000000000000006,1.49,0.0,0.0,0.0
40,40,Hause,AVL,2,4.0,1,0.0,0.0,0.0,0.0,0.0
41,41,Iling Jr,AVL,3,5.5,1,0.412,6.84,0.0,0.0,0.0
42,42,Kamara,AVL,3,5.0,1,0.0,0.0,0.0,0.0,0.0
43,43,Kesler-Hayden,AVL,2,4.0,1,0.0,0.0,0.0,0.0,0.0
44,44,Konsa,AVL,2,4.5,1,2.513,92.03,0.0,0.0,0.0
45,45,Maatsen,AVL,2,5.0,1,1.23,33.7,0.0,0.0,0.0
46,46,Marschall,AVL,1,4.0,1,0.0,0.0,0.0,0.0,0.0
47,47,Martinez,AVL,1,5.0,1,3.427,94.7,0.0,0.0,0.0
48,48,McGinn,AVL,3,5.5,1,3.149,90.9,0.0,0.0,0.0
49,49,Mings,AVL,2,4.5,1,0.0,0.0,0.0,0.0,0.0
50,50,Nedeljkovic,AVL,2,4.0,1,0.376,10.68,0.0,0.0,0.0
51,51,Olsen,AVL,1,4.5,1,0.0,0.0,0.0,0.0,0.0
52,52,Pau,AVL,2,4.5,1,2.157,75.09,0.0,0.0,0.0
53,53,Ramsey,AVL,3,5.5,1,1.822,39.81,0.0,0.0,0.0
54,54,Rogers,AVL,3,5.0,1,3.12,71.07,0.0,0.0,0.0
55,55,Sinisalo,AVL,1,4.0,1,0.0,0.0,0.0,0.0,0.0
56,56,Sousa,AVL,2,4.0,1,0.0,0.0,0.0,0.0,0.0
57,57,Tielemans,AVL,3,5.5,1,2.738,65.4,0.0,0.0,0.0
58,58,Watkins,AVL,4,9.0,1,2.81,55.02,0.0,0.0,0.0
59,59,Aarons,BOU,2,4.5,1,1.008,28.54,0.0,0.0,0.0
60,60,Adams,BOU,3,5.0,1,0.0,0.0,0.0,0.0,0.0
61,61,Anthony,BOU,3,4.5,1,0.392,5.76,0.0,0.0,0.0
62,62,Brooks,BOU,3,5.0,1,0.0,0.0,0.0,0.0,0.0
63,63,Christie,BOU,3,5.0,1,2.571,73.74,0.0,0.0,0.0
64,64,Cook,BOU,3,5.0,1,2.591,87.25,0.0,0.0,0.0
65,65,Enes Ünal,BOU,4,5.5,1,0.0,0.0,0.0,0.0,0.0
66,66,Faivre,BOU,3,5.0,1,0.743,13.39,0.0,0.0,0.0
67,67,H.Traorè,BOU,3,4.5,1,0.659,11.51,0.0,0.0,0.0
68,68,Hill,BOU,2,4.0,1,0.059,2.15,0.0,0.0,0.0
69,69,Jebbison,BOU,4,4.5,1,1.054,17.66,0.0,0.0,0.0
70,70,Kerkez,BOU,2,4.5,1,2.67,80.98,0.0,0.0,0.0
71,71,Kluivert,BOU,3,5.5,1,3.621,66.87,0.0,0.0,0.0
72,72,Mepham,BOU,2,4.5,1,0.174,6.63,0.0,0.0,0.0
73,73,Neto,BOU,1,4.5,1,1.422,39.06,0.0,0.0,0.0
74,74,O.Dango,BOU,3,5.0,1,1.895,39.08,0.0,0.0,0.0
75,75,Paulsen,BOU,1,4.0,1,0.0,0.0,0.0,0.0,0.0
76,76,Philip,BOU,3,5.0,1,1.011,20.61,0.0,0.0,0.0
77,77,Scott,BOU,3,5.0,1,1.811,45.96,0.0,0.0,0.0
78,78,Semenyo,BOU,3,5.5,1,3.77,75.21,0.0,0.0,0.0
79,79,Senesi,BOU,2,5.0,1,2.6,88.34,0.0,0.0,0.0
80,80,Sinisterra,BOU,3,5.0,1,2.55,52.06,0.0,0.0,0.0
81,81,Smith,BOU,2,4.5,1,2.119,66.63,0.0,0.0,0.0
82,82,Solanke,TOT,4,7.5,1,4.347,79.09,0.0,0.0,0.0
83,83,Tavernier,BOU,3,5.5,1,3.4360000000000004,69.77,0.0,0.0,0.0
84,84,Travers,BOU,1,4.5,1,1.946,53.2,0.0,0.0,0.0
85,85,Zabarnyi,BOU,2,4.5,1,2.366,88.64,0.0,0.0,0.0
86,86,Ajer,BRE,2,4.5,1,2.367,70.4,0.0,0.0,0.0
87,87,Brierley,BRE,3,4.5,1,0.0,0.0,0.0,0.0,0.0
88,88,Collins,BRE,2,4.5,1,2.336,74.51,0.0,0.0,0.0
89,89,Damsgaard,BRE,3,5.0,1,2.084,53.25,0.0,0.0,0.0
90,90,Dasilva,BRE,3,5.0,1,0.609,13.22,0.0,0.0,0.0
91,91,Flekken,BRE,1,4.5,1,3.437,93.14,0.0,0.0,0.0
92,92,Henry,BRE,2,4.5,1,0.938,25.44,0.0,0.0,0.0
93,93,Hickey,BRE,2,4.5,1,0.0,0.0,0.0,0.0,0.0
94,94,Janelt,BRE,3,5.0,1,2.478,73.13,0.0,0.0,0.0
95,95,Jensen,BRE,3,5.5,1,2.843,74.44,0.0,0.0,0.0
96,96,Ji-soo,BRE,2,4.0,1,0.05,1.77,0.0,0.0,0.0
97,97,Konak,BRE,3,4.5,1,0.0,0.0,0.0,0.0,0.0
98,98,Lewis-Potter,BRE,3,5.0,1,1.334,28.21,0.0,0.0,0.0
99,99,Mbeumo,BRE,3,7.0,1,4.301,77.84,0.0,0.0,0.0
100,100,Mee,BRE,2,4.5,1,1.413,38.36,0.0,0.0,0.0
101,101,Nørgaard,BRE,3,5.0,1,2.594,82.09,0.0,0.0,0.0
102,102,Onyeka,BRE,3,5.0,1,0.935,21.23,0.0,0.0,0.0
103,103,Peart-Harris,BRE,3,4.5,1,0.0,0.0,0.0,0.0,0.0
104,104,Pinnock,BRE,2,4.5,1,2.822,86.12,0.0,0.0,0.0
105,105,Roerslev,BRE,2,4.5,1,1.714,44.14,0.0,0.0,0.0
106,106,Schade,BRE,3,5.5,1,0.919,16.05,0.0,0.0,0.0
107,107,Thiago,BRE,4,6.0,1,0.0,0.0,0.0,0.0,0.0
108,108,Toney,BRE,4,7.5,1,3.869,66.19,0.0,0.0,0.0
109,109,Valdimarsson,BRE,1,4.0,1,0.077,2.07,0.0,0.0,0.0
110,110,Wissa,BRE,4,6.0,1,2.432,47.0,0.0,0.0,0.0
111,111,Yarmoliuk,BRE,3,4.5,1,0.482,10.43,0.0,0.0,0.0
112,112,Zanka,BRE,2,4.5,1,0.0,0.0,0.0,0.0,0.0
113,113,Adingra,BHA,3,5.5,1,1.005,18.27,0.0,0.0,0.0
114,114,Baker-Boaitey,BHA,3,4.5,1,0.0,0.0,0.0,0.0,0.0
115,115,Baleba,BHA,3,5.0,1,1.271,36.76,0.0,0.0,0.0
116,116,Barco,BHA,2,4.0,1,2.475,73.63,0.0,0.0,0.0
117,117,Buonanotte,LEI,3,5.0,1,1.761,40.09,0.0,0.0,0.0
118,118,Cozier-Duberry,BHA,3,4.5,1,0.0,0.0,0.0,0.0,0.0
119,119,Dahoud,BHA,3,5.0,1,0.0,0.0,0.0,0.0,0.0
120,120,Dunk,BHA,2,4.5,1,2.695,92.12,0.0,0.0,0.0
121,121,Enciso,BHA,3,5.5,1,0.0,0.0,0.0,0.0,0.0
122,122,Estupiñan,BHA,2,5.0,1,0.904,22.74,0.0,0.0,0.0
123,123,Ferguson,BHA,4,5.5,1,0.465,7.54,0.0,0.0,0.0
124,124,Gilmour,BHA,3,5.0,1,0.138,2.65,0.0,0.0,0.0
125,125,Gross,BHA,3,6.5,1,0.0,0.0,0.0,0.0,0.0
126,126,Hinshelwood,BHA,3,5.0,1,1.499,36.7,0.0,0.0,0.0
127,127,I.Osman,BHA,3,5.0,1,0.0,0.0,0.0,0.0,0.0
128,128,Igor,BHA,2,4.5,1,0.479,15.51,0.0,0.0,0.0
129,129,João Pedro,BHA,4,5.5,1,3.245,61.97,0.0,0.0,0.0
130,130,Kozlowski,BHA,3,4.5,1,0.0,0.0,0.0,0.0,0.0
131,131,Lamptey,BHA,2,4.5,1,0.29600000000000004,7.91,0.0,0.0,0.0
132,132,March,BHA,3,6.5,1,0.0,0.0,0.0,0.0,0.0
133,133,Mazilu,BHA,3,4.5,1,0.0,0.0,0.0,0.0,0.0
134,134,Milner,BHA,3,5.0,1,1.275,34.76,0.0,0.0,0.0
135,135,Minteh,BHA,3,5.5,1,3.448,75.81,0.0,0.0,0.0
136,136,Mitoma,BHA,3,6.5,1,3.524,83.61,0.0,0.0,0.0
137,137,Moder,BHA,3,4.5,1,0.542,12.36,0.0,0.0,0.0
138,138,O’Mahony,BHA,4,4.5,1,0.211,3.52,0.0,0.0,0.0
139,139,Offiah,BHA,2,4.0,1,0.0,0.0,0.0,0.0,0.0
140,140,Peupion,BHA,3,4.5,1,0.0,0.0,0.0,0.0,0.0
141,141,Sarmiento,BHA,3,5.0,1,0.4920000000000001,8.37,0.0,0.0,0.0
142,142,Steele,BHA,1,4.5,1,3.39,93.1,0.0,0.0,0.0
143,143,Undav,BHA,4,5.5,1,0.0,0.0,0.0,0.0,0.0
144,144,Van Hecke,BHA,2,4.5,1,2.369,88.5,0.0,0.0,0.0
145,145,Veltman,BHA,2,4.5,1,1.994,62.39,0.0,0.0,0.0
146,146,Verbruggen,BHA,1,4.5,1,0.0,0.0,0.0,0.0,0.0
147,147,Webster,BHA,2,4.5,1,0.094,3.03,0.0,0.0,0.0
148,148,Welbeck,BHA,4,5.5,1,3.05,62.76,0.0,0.0,0.0
149,149,Wieffer,BHA,3,5.0,1,2.55,89.28,0.0,0.0,0.0
150,150,Andrey Santos,CHE,3,4.5,1,0.0,0.0,0.0,0.0,0.0
151,151,Ângelo,CHE,3,4.5,1,0.0,0.0,0.0,0.0,0.0
152,152,Arrizabalaga,CHE,1,4.5,1,0.0,0.0,0.0,0.0,0.0
153,153,B.Badiashile,CHE,2,4.5,1,1.1,54.32,0.0,0.0,0.0
154,154,Bergström,CHE,1,4.0,1,0.0,0.0,0.0,0.0,0.0
155,155,Bettinelli,CHE,1,4.0,1,0.0,0.0,0.0,0.0,0.0
156,156,Broja,CHE,4,5.5,1,0.436,6.7,0.0,0.0,0.0
157,157,Caicedo,CHE,3,5.0,1,1.92,72.73,0.0,0.0,0.0
158,158,Casadei,CHE,3,4.5,1,0.0,0.0,0.0,0.0,0.0
159,159,Chalobah,CHE,2,4.5,1,0.623,28.72,0.0,0.0,0.0
160,160,Chilwell,CHE,2,5.0,1,0.46,14.62,0.0,0.0,0.0
161,161,Chukwuemeka,CHE,3,5.0,1,0.237,3.66,0.0,0.0,0.0
162,162,Colwill,CHE,2,4.5,1,1.193,53.68,0.0,0.0,0.0
163,163,Cucurella,CHE,2,5.0,1,1.487,72.56,0.0,0.0,0.0
164,164,D.D.Fofana,CHE,4,5.5,1,0.0,0.0,0.0,0.0,0.0
165,165,Deivid,CHE,4,5.0,1,0.0,0.0,0.0,0.0,0.0
166,166,Dewsbury-Hall,CHE,3,6.0,1,0.615,15.31,0.0,0.0,0.0
167,167,Disasi,CHE,2,4.5,1,0.4970000000000001,23.07,0.0,0.0,0.0
168,168,Enzo,CHE,3,5.0,1,2.509,85.93,0.0,0.0,0.0
169,169,Gallagher,CHE,3,6.0,1,0.325,8.4,0.0,0.0,0.0
170,170,Gilchrist,CHE,2,4.0,1,0.0,0.0,0.0,0.0,0.0
171,171,Gusto,CHE,2,5.0,1,1.838,81.69,0.0,0.0,0.0
172,172,James,CHE,2,5.0,1,0.0,0.0,0.0,0.0,0.0
173,173,Kellyman,CHE,3,4.5,1,0.0,0.0,0.0,0.0,0.0
174,174,Lavia,CHE,3,4.5,1,1.129,34.42,0.0,0.0,0.0
175,175,Lukaku,CHE,4,6.5,1,0.0,0.0,0.0,0.0,0.0
176,176,M.Sarr,CHE,2,4.5,1,0.0,0.0,0.0,0.0,0.0
177,177,Madueke,CHE,3,6.5,1,1.5719999999999998,33.34,0.0,0.0,0.0
178,178,Marc Guiu,CHE,4,5.0,1,0.163,2.04,0.0,0.0,0.0
179,179,Mudryk,CHE,3,6.5,1,1.4580000000000002,31.33,0.0,0.0,0.0
180,180,N.Jackson,CHE,4,7.5,1,1.982,45.82,0.0,0.0,0.0
181,181,Nkunku,CHE,3,6.5,1,3.63,78.47,0.0,0.0,0.0
182,182,Palmer,CHE,3,10.5,1,4.303,81.05,0.0,0.0,0.0
183,183,Petrović,CHE,1,4.5,1,0.0,0.0,0.0,0.0,0.0
184,184,Renato Veiga,CHE,3,4.5,1,0.0,0.0,0.0,0.0,0.0
185,185,Sánchez,CHE,1,4.5,1,2.29,69.35,0.0,0.0,0.0
186,186,Sterling,CHE,3,7.0,1,1.342,27.75,0.0,0.0,0.0
187,187,Tosin,CHE,2,4.5,1,0.608,27.65,0.0,0.0,0.0
188,188,Ugochukwu,CHE,3,4.5,1,0.114,1.76,0.0,0.0,0.0
189,189,W.Fofana,CHE,2,4.5,1,1.036,50.97,0.0,0.0,0.0
190,190,Ahamada,CRY,3,4.5,1,0.154,2.77,0.0,0.0,0.0
191,191,Andersen,CRY,2,4.5,1,2.633,89.08,0.0,0.0,0.0
192,192,J.Ayew,CRY,3,5.5,1,1.609,29.75,0.0,0.0,0.0
193,193,C.Doucouré,CRY,3,5.0,1,1.161,30.33,0.0,0.0,0.0
194,194,C.Richards,CRY,2,4.5,1,1.855,64.05,0.0,0.0,0.0
195,195,Chadi Riad,CRY,2,4.5,1,0.173,6.2,0.0,0.0,0.0
196,196,Clyne,CRY,2,4.5,1,0.487,14.11,0.0,0.0,0.0
197,197,Ebiowei,CRY,3,4.5,1,0.0,0.0,0.0,0.0,0.0
198,198,Edouard,CRY,4,5.5,1,3.626,70.09,0.0,0.0,0.0
199,199,Eze,CRY,3,7.0,1,4.8610000000000015,85.5,0.0,0.0,0.0
200,200,Guéhi,CRY,2,4.5,1,2.64,91.82,0.0,0.0,0.0
201,201,Henderson,CRY,1,4.5,1,3.205,88.35,0.0,0.0,0.0
202,202,Holding,CRY,2,4.5,1,0.099,3.61,0.0,0.0,0.0
203,203,Hughes,CRY,3,5.0,1,0.6809999999999999,16.18,0.0,0.0,0.0
204,204,Johnstone,CRY,1,4.5,1,0.243,6.65,0.0,0.0,0.0
205,205,Kamada,CRY,3,5.5,1,2.749,57.62,0.0,0.0,0.0
206,206,Lerma,CRY,3,5.0,1,1.76,54.98,0.0,0.0,0.0
207,207,Mateta,CRY,4,7.5,1,1.2,18.2,0.0,0.0,0.0
208,208,M.França,CRY,3,4.5,1,0.0,0.0,0.0,0.0,0.0
209,209,Matthews,CRY,1,4.0,1,0.0,0.0,0.0,0.0,0.0
210,210,Mitchell,CRY,2,5.0,1,2.676,86.03,0.0,0.0,0.0
211,211,Muñoz,CRY,2,5.0,1,2.8680000000000003,89.6,0.0,0.0,0.0
212,212,Ozoh,CRY,3,4.5,1,0.0,0.0,0.0,0.0,0.0
213,213,Rak-Sakyi,CRY,3,4.5,1,0.306,4.21,0.0,0.0,0.0
214,214,Schlupp,CRY,3,5.0,1,0.344,5.39,0.0,0.0,0.0
215,215,Ward,CRY,2,4.5,1,0.127,4.82,0.0,0.0,0.0
216,216,Wharton,CRY,3,5.0,1,2.5,74.72,0.0,0.0,0.0
217,217,A.Doucoure,EVE,3,5.5,1,3.393,83.63,0.0,0.0,0.0
218,218,Beto,EVE,4,5.0,1,1.7619999999999998,28.21,0.0,0.0,0.0
219,219,Branthwaite,EVE,2,5.0,1,0.0,0.0,0.0,0.0,0.0
220,220,Calvert-Lewin,EVE,4,6.0,1,3.934,66.74,0.0,0.0,0.0
221,221,Coleman,EVE,2,4.5,1,0.0,0.0,0.0,0.0,0.0
222,222,Gana,EVE,3,5.0,1,2.575,85.28,0.0,0.0,0.0
223,223,Garner,EVE,3,5.0,1,0.0,0.0,0.0,0.0,0.0
224,224,Harrison,EVE,3,5.5,1,3.488,72.47,0.0,0.0,0.0
225,225,Holgate,EVE,2,4.0,1,0.8859999999999999,24.1,0.0,0.0,0.0
226,226,Iroegbunam,EVE,3,4.5,1,2.115,60.55,0.0,0.0,0.0
227,227,J.Virginia,EVE,1,4.0,1,0.0,0.0,0.0,0.0,0.0
228,228,Keane,EVE,2,4.0,1,0.616,16.83,0.0,0.0,0.0
229,229,Maupay,EVE,4,5.0,1,1.329,22.59,0.0,0.0,0.0
230,230,McNeil,EVE,3,5.5,1,4.1,86.09,0.0,0.0,0.0
231,231,Mykolenko,EVE,2,4.5,1,3.198,90.87,0.0,0.0,0.0
232,232,Ndiaye,EVE,4,5.5,1,2.479,53.43,0.0,0.0,0.0
233,233,Onana,AVL,3,5.0,1,1.737,51.03,0.0,0.0,0.0
234,234,Patterson,EVE,2,4.5,1,0.0,0.0,0.0,0.0,0.0
235,235,Pickford,EVE,1,5.0,1,3.44,91.27,0.0,0.0,0.0
236,236,Tarkowski,EVE,2,5.0,1,2.997,94.89,0.0,0.0,0.0
237,237,Y. Chermiti,EVE,4,5.0,1,0.0,0.0,0.0,0.0,0.0
238,238,Young,EVE,2,4.5,1,2.801,74.66,0.0,0.0,0.0
239,239,Adama,FUL,3,5.0,1,2.572,60.93,3.0,77.0,1.0
240,240,Andreas,FUL,3,5.5,1,3.325,80.99,1.0,90.0,1.0
241,241,Bassey,FUL,2,4.5,1,1.906,88.18,1.0,90.0,1.0
242,242,Benda,FUL,1,4.0,1,0.04,1.13,0.0,0.0,0.0
243,243,Cairney,FUL,3,5.0,1,1.404,34.59,0.0,26.0,1.0
244,244,Castagne,FUL,2,4.5,1,2.124,82.84,0.0,0.0,0.0
245,245,Diop,FUL,2,4.5,1,1.905,89.32,2.0,90.0,1.0
246,246,Harris,FUL,3,4.5,1,0.0,0.0,0.0,0.0,0.0
247,247,Iwobi,FUL,3,5.5,1,3.269,87.6,2.0,90.0,1.0
248,248,Leno,FUL,1,5.0,1,3.253,94.24,3.0,90.0,1.0
249,249,Lukić,FUL,3,5.0,1,2.28,71.03,2.0,90.0,1.0
250,250,Mbabu,FUL,2,4.0,1,0.14,5.84,0.0,0.0,0.0
251,251,Muniz,FUL,4,6.0,1,3.597,78.03,2.0,77.0,1.0
252,252,Raúl,FUL,4,5.5,1,1.371,24.13,1.0,12.0,1.0
253,253,Ream,FUL,2,4.5,1,0.0,0.0,0.0,0.0,0.0
254,254,Reed,FUL,3,5.0,1,1.077,29.5,1.0,1.0,1.0
255,255,Robinson,FUL,2,4.5,1,2.084,83.98,2.0,90.0,1.0
256,256,Stansfield,FUL,4,5.0,1,0.0,0.0,1.0,1.0,1.0
257,257,Tete,FUL,2,4.5,1,0.293,9.21,2.0,90.0,1.0
258,258,Vinicius,FUL,4,5.0,1,0.21600000000000005,2.77,0.0,0.0,0.0
259,259,Wilson,FUL,3,5.5,1,1.624,34.72,1.0,12.0,1.0
260,260,Al-Hamadi,IPS,4,5.0,1,0.8029999999999999,14.59,0.0,0.0,0.0
261,261,Baggott,IPS,2,4.0,1,0.0,0.0,0.0,0.0,0.0
262,262,Broadhead,IPS,3,5.0,1,0.0,0.0,0.0,0.0,0.0
263,263,Burgess,IPS,2,4.0,1,0.943,56.67,0.0,0.0,0.0
264,264,Burns,IPS,3,5.0,1,2.278,60.45,0.0,0.0,0.0
265,265,Chaplin,IPS,3,5.5,1,2.531,56.19,0.0,0.0,0.0
266,266,Clarke,IPS,2,4.0,1,0.0,0.0,0.0,0.0,0.0
267,267,Davis,IPS,2,4.5,1,1.767,83.05,0.0,0.0,0.0
268,268,Delap,IPS,4,5.5,1,2.872,73.7,0.0,0.0,0.0
269,269,Edmundson,IPS,2,4.0,1,0.255,12.97,0.0,0.0,0.0
270,270,Greaves,IPS,2,4.0,1,1.113,69.06,0.0,0.0,0.0
271,271,Harness,IPS,3,5.0,1,2.115,54.6,0.0,0.0,0.0
272,272,Hirst,IPS,4,5.5,1,0.0,0.0,0.0,0.0,0.0
273,273,Humphreys,IPS,3,4.5,1,0.0,0.0,0.0,0.0,0.0
274,274,Hutchinson,IPS,3,5.5,1,2.964,80.68,0.0,0.0,0.0
275,275,Johnson,IPS,2,4.0,1,1.513,77.03,0.0,0.0,0.0
276,276,Ladapo,IPS,4,4.5,1,0.8,15.04,0.0,0.0,0.0
277,277,Luongo,IPS,3,4.5,1,1.722,60.58,0.0,0.0,0.0
278,278,Morsy,IPS,3,5.0,1,2.005,81.96,0.0,0.0,0.0
279,279,Ndaba,IPS,2,4.0,1,0.0,0.0,0.0,0.0,0.0
280,280,Slicker,IPS,1,4.0,1,0.0,0.0,0.0,0.0,0.0
281,281,Taylor,IPS,3,5.0,1,0.435,9.42,0.0,0.0,0.0
282,282,Tuanzebe,IPS,2,4.0,1,0.7340000000000001,35.93,0.0,0.0,0.0
283,283,Walton,IPS,1,4.5,1,0.0,0.0,0.0,0.0,0.0
284,284,Woolfenden,IPS,2,4.0,1,0.726,46.89,0.0,0.0,0.0
285,285,B.Soumaré,LEI,3,4.5,1,0.996,34.54,0.0,0.0,0.0
286,286,Cannon,LEI,4,4.5,1,2.919,58.44,0.0,0.0,0.0
287,287,Choudhury,LEI,3,4.5,1,1.347,46.81,0.0,0.0,0.0
288,288,Coady,LEI,2,4.0,1,0.0,0.0,0.0,0.0,0.0
289,289,Daka,LEI,4,5.0,1,0.0,0.0,0.0,0.0,0.0
290,290,De Cordova-Reid,LEI,3,5.5,1,2.508,55.08,0.0,0.0,0.0
291,291,Faes,LEI,2,4.0,1,2.268,89.37,0.0,0.0,0.0
292,292,Golding,LEI,3,4.5,1,0.0,0.0,0.0,0.0,0.0
293,293,Hermansen,LEI,1,4.5,1,3.259,93.31,0.0,0.0,0.0
294,294,Iversen,LEI,1,4.0,1,0.0,0.0,0.0,0.0,0.0
295,295,Justin,LEI,2,4.5,1,1.335,44.76,0.0,0.0,0.0
296,296,Kristiansen,LEI,2,4.5,1,1.672,55.53,0.0,0.0,0.0
297,297,Marcal,LEI,3,4.5,1,0.392,6.04,0.0,0.0,0.0
298,298,Mavididi,LEI,3,5.5,1,4.24,78.06,0.0,0.0,0.0
299,299,McAteer,LEI,3,5.0,1,1.043,18.46,0.0,0.0,0.0
300,300,Ndidi,LEI,3,5.0,1,2.347,75.32,0.0,0.0,0.0
301,301,Okoli,LEI,2,4.0,1,1.878,76.14,0.0,0.0,0.0
302,302,Ricardo,LEI,2,4.5,1,1.469,48.83,0.0,0.0,0.0
303,303,Souttar,LEI,2,4.0,1,0.0,0.0,0.0,0.0,0.0
304,304,Stolarczyk,LEI,1,4.0,1,0.0,0.0,0.0,0.0,0.0
305,305,Thomas,LEI,2,4.0,1,0.726,22.27,0.0,0.0,0.0
306,306,Vardy,LEI,4,5.5,1,0.185,2.87,0.0,0.0,0.0
307,307,Vestergaard,LEI,2,4.0,1,0.921,34.43,0.0,0.0,0.0
308,308,Ward,LEI,1,4.0,1,0.0,0.0,0.0,0.0,0.0
309,309,Winks,LEI,3,4.5,1,2.412,90.62,0.0,0.0,0.0
310,310,A.Becker,LIV,1,5.5,1,3.93,92.68,0.0,0.0,0.0
311,311,Alexander-Arnold,LIV,2,7.0,1,4.668,80.63,0.0,0.0,0.0
312,312,Bajcetic,LIV,3,4.5,1,0.162,3.0,0.0,0.0,0.0
313,313,Bradley,LIV,2,5.0,1,0.532,10.38,0.0,0.0,0.0
314,314,Carvalho,BRE,3,5.0,1,1.651,30.82,0.0,0.0,0.0
315,315,Clark,LIV,3,4.5,1,0.0,0.0,0.0,0.0,0.0
316,316,Darwin,LIV,4,7.5,1,2.537,38.64,0.0,0.0,0.0
317,317,Diogo J.,LIV,3,7.5,1,4.992,73.38,0.0,0.0,0.0
318,318,Doak,LIV,3,4.5,1,0.0,0.0,0.0,0.0,0.0
319,319,Elliott,LIV,3,5.5,1,1.56,27.17,0.0,0.0,0.0
320,320,Endo,LIV,3,5.0,1,1.23,29.19,0.0,0.0,0.0
321,321,Gakpo,LIV,4,7.5,1,1.827,27.61,0.0,0.0,0.0
322,322,Gomez,LIV,2,5.0,1,0.161,4.71,0.0,0.0,0.0
323,323,Gravenberch,LIV,3,5.0,1,1.936,44.22,0.0,0.0,0.0
324,324,Jones,LIV,3,5.5,1,1.148,22.41,0.0,0.0,0.0
325,325,Kelleher,LIV,1,4.5,1,0.065,1.51,0.0,0.0,0.0
326,326,Konaté,LIV,2,5.0,1,0.718,17.86,0.0,0.0,0.0
327,327,Luis Díaz,LIV,3,7.5,1,3.691,60.35,0.0,0.0,0.0
328,328,M.Salah,LIV,3,12.5,1,6.497999999999998,85.45,0.0,0.0,0.0
329,329,Mac Allister,LIV,3,6.5,1,3.663,88.19,0.0,0.0,0.0
330,330,McConnell,LIV,3,4.5,1,0.0,0.0,0.0,0.0,0.0
331,331,Morton,LIV,3,4.5,1,0.0,0.0,0.0,0.0,0.0
332,332,N.Phillips,LIV,2,4.0,1,0.0,0.0,0.0,0.0,0.0
333,333,Quansah,LIV,2,4.5,1,3.1830000000000003,74.04,0.0,0.0,0.0
334,334,R.Williams,LIV,2,4.0,1,0.0,0.0,0.0,0.0,0.0
335,335,Robertson,LIV,2,6.0,1,1.703,31.44,0.0,0.0,0.0
336,336,Szoboszlai,LIV,3,6.5,1,3.704,66.17,0.0,0.0,0.0
337,337,Tsimikas,LIV,2,5.0,1,3.386,65.0,0.0,0.0,0.0
338,338,Van den Berg,LIV,2,4.0,1,0.0,0.0,0.0,0.0,0.0
339,339,Virgil,LIV,2,6.0,1,3.916,89.43,0.0,0.0,0.0
340,340,Akanji,MCI,2,5.5,1,2.616,68.18,0.0,0.0,0.0
341,341,Aké,MCI,2,5.5,1,2.491,60.87,0.0,0.0,0.0
342,342,Bernardo,MCI,3,6.5,1,3.718,83.54,0.0,0.0,0.0
343,343,Bobb,MCI,3,5.0,1,0.0,0.0,0.0,0.0,0.0
344,344,Carson,MCI,1,4.0,1,0.0,0.0,0.0,0.0,0.0
345,345,De Bruyne,MCI,3,9.5,1,3.247,53.6,0.0,0.0,0.0
346,346,Doku,MCI,3,6.5,1,3.977,72.81,0.0,0.0,0.0
347,347,Ederson M.,MCI,1,5.5,1,3.662,92.51,0.0,0.0,0.0
348,348,Foden,MCI,3,9.5,1,2.55,37.12,0.0,0.0,0.0
349,349,Grealish,MCI,3,6.5,1,0.7340000000000001,11.97,0.0,0.0,0.0
350,350,Gvardiol,MCI,2,6.0,1,3.464,83.57,0.0,0.0,0.0
351,351,Haaland,MCI,4,15.0,1,6.723,89.68,0.0,0.0,0.0
352,352,J.Alvarez,MCI,4,7.0,1,0.0,0.0,0.0,0.0,0.0
353,353,João Cancelo,MCI,2,5.5,1,0.0,0.0,0.0,0.0,0.0
354,354,Kovačić,MCI,3,5.5,1,2.769,79.0,0.0,0.0,0.0
355,355,Lewis,MCI,2,4.5,1,2.802,64.73,0.0,0.0,0.0
356,356,Matheus N.,MCI,3,5.0,1,2.428,54.54,0.0,0.0,0.0
357,357,McAtee,MCI,3,5.0,1,1.758,27.39,0.0,0.0,0.0
358,358,Ortega Moreno,MCI,1,5.5,1,0.179,4.44,0.0,0.0,0.0
359,359,Phillips,IPS,3,5.0,1,1.26,39.18,0.0,0.0,0.0
360,360,Rodrigo,MCI,3,6.5,1,0.08199999999999999,1.95,0.0,0.0,0.0
361,361,Rúben,MCI,2,5.5,1,2.925,77.14,0.0,0.0,0.0
362,362,Stones,MCI,2,5.5,1,0.857,21.59,0.0,0.0,0.0
363,363,Walker,MCI,2,5.5,1,0.8740000000000001,21.54,0.0,0.0,0.0
364,364,Amad,MUN,3,5.0,1,2.532,42.4,3.0,60.0,1.0
365,365,Antony,MUN,3,6.0,1,0.969,15.75,0.0,0.0,0.0
366,366,B.Fernandes,MUN,3,8.5,1,5.516,86.74,3.0,90.0,1.0
367,367,Bayindir,MUN,1,4.5,1,0.0,0.0,0.0,0.0,0.0
368,368,Casemiro,MUN,3,5.0,1,2.689,83.26,3.0,90.0,1.0
369,369,Dalot,MUN,2,5.0,1,3.6010000000000004,91.65,6.0,90.0,1.0
370,370,Eriksen,MUN,3,5.5,1,0.353,4.9,0.0,0.0,0.0
371,371,Evans,MUN,2,4.5,1,0.252,6.96,1.0,9.0,1.0
372,372,Garnacho,MUN,3,6.5,1,4.215,81.76,4.0,29.0,1.0
373,373,Hannibal,MUN,3,4.5,1,0.102,1.21,0.0,0.0,0.0
374,374,Heaton,MUN,1,4.0,1,0.0,0.0,0.0,0.0,0.0
375,375,Højlund,MUN,4,7.0,1,0.0,0.0,0.0,0.0,0.0
376,376,Lindelof,MUN,2,4.5,1,1.2009999999999998,31.19,0.0,0.0,0.0
377,377,Maguire,MUN,2,5.0,1,2.7060000000000004,72.37,5.0,80.0,1.0
378,378,Mainoo,MUN,3,5.5,1,2.7510000000000003,78.73,3.0,83.0,1.0
379,379,Malacia,MUN,2,4.5,1,0.0,0.0,0.0,0.0,0.0
380,380,Martinez,MUN,2,4.5,1,2.984,78.1,7.0,90.0,1.0
381,381,McTominay,MUN,3,5.0,1,1.295,28.15,1.0,6.0,1.0
382,382,Mount,MUN,3,6.5,1,1.99,35.47,2.0,60.0,1.0
383,383,Onana,MUN,1,5.0,1,3.642,94.05,6.0,90.0,1.0
384,384,Pellistri,MUN,3,5.0,1,0.0,0.0,0.0,0.0,0.0
385,385,Rashford,MUN,3,7.0,1,4.591,72.66,3.0,90.0,1.0
386,386,Sancho,MUN,3,6.5,1,0.588,10.0,0.0,0.0,0.0
387,387,Shaw,MUN,2,5.0,1,0.0,0.0,0.0,0.0,0.0
388,388,Wan-Bissaka,WHU,2,4.5,1,1.96,61.18,0.0,0.0,0.0
389,389,Zirkzee,MUN,4,7.0,1,2.26,37.52,7.0,29.0,1.0
390,390,A.Murphy,NEW,2,4.0,1,0.0,0.0,0.0,0.0,0.0
391,391,Almirón,NEW,3,6.0,1,1.098,16.66,0.0,0.0,0.0
392,392,Barnes,NEW,3,6.5,1,2.268,32.95,0.0,0.0,0.0
393,393,Botman,NEW,2,4.5,1,0.0,0.0,0.0,0.0,0.0
394,394,Bruno G.,NEW,3,6.5,1,3.751,90.04,0.0,0.0,0.0
395,395,Burn,NEW,2,4.5,1,3.591,80.92,0.0,0.0,0.0
396,396,Dúbravka,NEW,1,4.5,1,0.0,0.0,0.0,0.0,0.0
397,397,Fraser,NEW,3,5.0,1,0.0,0.0,0.0,0.0,0.0
398,398,Gordon,NEW,3,7.5,1,4.839,79.39,0.0,0.0,0.0
399,399,Hall,NEW,2,4.5,1,3.59,69.26,0.0,0.0,0.0
400,400,Hayden,NEW,3,4.5,1,0.464,10.1,0.0,0.0,0.0
401,401,Isak,NEW,4,8.5,1,6.4689999999999985,89.08,0.0,0.0,0.0
402,402,J.Murphy,NEW,3,5.5,1,3.754,62.81,0.0,0.0,0.0
403,403,Joelinton,NEW,3,6.0,1,2.905,59.3,0.0,0.0,0.0
404,404,Kelly,NEW,2,4.5,1,2.064,47.21,0.0,0.0,0.0
405,405,Krafth,NEW,2,4.5,1,0.863,20.51,0.0,0.0,0.0
406,406,Kuol,NEW,3,4.5,1,0.0,0.0,0.0,0.0,0.0
407,407,Lascelles,NEW,2,4.5,1,0.0,0.0,0.0,0.0,0.0
408,408,Lewis,NEW,2,4.0,1,0.052000000000000005,1.01,0.0,0.0,0.0
409,409,Livramento,NEW,2,4.5,1,2.24,44.91,0.0,0.0,0.0
410,410,Longstaff,NEW,3,5.0,1,2.688,70.54,0.0,0.0,0.0
411,411,Miley,NEW,3,5.0,1,0.0,0.0,0.0,0.0,0.0
412,412,Odysseas,NEW,1,4.5,1,0.056,1.31,0.0,0.0,0.0
413,413,Pope,NEW,1,5.0,1,3.905,93.02,0.0,0.0,0.0
414,414,Ruddy,NEW,1,4.0,1,0.0,0.0,0.0,0.0,0.0
415,415,Schär,NEW,2,5.5,1,3.053,64.68,0.0,0.0,0.0
416,416,Targett,NEW,2,4.0,1,0.0,0.0,0.0,0.0,0.0
417,417,Tonali,NEW,3,5.5,1,0.0,0.0,0.0,0.0,0.0
418,418,Trippier,NEW,2,6.0,1,2.9760000000000004,53.68,0.0,0.0,0.0
419,419,White,NEW,3,4.5,1,0.0,0.0,0.0,0.0,0.0
420,420,Willock,NEW,3,5.0,1,2.1180000000000003,40.13,0.0,0.0,0.0
421,421,Wilson,NEW,4,7.0,1,0.0,0.0,0.0,0.0,0.0
422,422,Aina,NFO,2,4.5,1,2.9960000000000004,85.35,0.0,0.0,0.0
423,423,Anderson,NFO,3,5.0,1,1.817,43.14,0.0,0.0,0.0
424,424,Awoniyi,NFO,4,6.0,1,1.039,15.25,0.0,0.0,0.0
425,425,Boly,NFO,2,4.5,1,2.016,56.1,0.0,0.0,0.0
426,426,Bowler,NFO,3,4.5,1,0.0,0.0,0.0,0.0,0.0
427,427,C.Miguel,NFO,1,4.5,1,0.086,2.31,0.0,0.0,0.0
428,428,Da Silva Moreira,NFO,3,4.5,1,0.0,0.0,0.0,0.0,0.0
429,429,Danilo,NFO,3,5.0,1,1.831,48.13,0.0,0.0,0.0
430,430,Dennis,NFO,4,5.0,1,0.106,1.18,0.0,0.0,0.0
431,431,Dominguez,NFO,3,5.0,1,0.974,21.53,0.0,0.0,0.0
432,432,Elanga,NFO,3,5.5,1,3.176,65.28,0.0,0.0,0.0
433,433,Gibbs-White,NFO,3,6.5,1,4.368,80.91,0.0,0.0,0.0
434,434,Hudson-Odoi,NFO,3,5.5,1,3.5,73.07,0.0,0.0,0.0
435,435,Mighten,NFO,3,4.5,1,0.0,0.0,0.0,0.0,0.0
436,436,Murillo,NFO,2,4.5,1,2.8680000000000003,90.37,0.0,0.0,0.0
437,437,N.Williams,NFO,2,4.5,1,3.008,84.45,0.0,0.0,0.0
438,438,O.Richards,NFO,2,4.5,1,0.0,0.0,0.0,0.0,0.0
439,439,O'Brien,NFO,3,5.0,1,0.0,0.0,0.0,0.0,0.0
440,440,Omobamidele,NFO,2,4.5,1,0.315,10.26,0.0,0.0,0.0
441,441,Panzo,NFO,2,4.0,1,0.0,0.0,0.0,0.0,0.0
442,442,Sangaré,NFO,3,4.5,1,2.239,70.32,0.0,0.0,0.0
443,443,Sels,NFO,1,4.5,1,3.451,93.86,0.0,0.0,0.0
444,444,Toffolo,NFO,2,4.5,1,0.601,16.45,0.0,0.0,0.0
445,445,Turner,NFO,1,4.0,1,0.0,0.0,0.0,0.0,0.0
446,446,Ui-jo,NFO,4,4.5,1,0.0,0.0,0.0,0.0,0.0
447,447,Wood,NFO,4,6.0,1,4.334,84.64,0.0,0.0,0.0
448,448,Worrall,NFO,2,4.5,1,0.0,0.0,0.0,0.0,0.0
449,449,Yates,NFO,3,5.0,1,1.116,28.6,0.0,0.0,0.0
450,450,Alcaraz,SOU,3,5.0,1,2.491,68.56,0.0,0.0,0.0
451,451,Amo-Ameyaw,SOU,3,4.5,1,0.0,0.0,0.0,0.0,0.0
452,452,Aribo,SOU,3,5.0,1,2.346,77.59,0.0,0.0,0.0
453,453,Armstrong,SOU,4,5.5,1,3.293,77.47,0.0,0.0,0.0
454,454,Bazunu,SOU,1,4.5,1,0.0,0.0,0.0,0.0,0.0
455,455,Bednarek,SOU,2,4.0,1,1.075,66.64,0.0,0.0,0.0
456,456,Bella-Kotchap,SOU,2,4.0,1,1.19,63.84,0.0,0.0,0.0
457,457,Bree,SOU,2,4.0,1,0.104,3.39,0.0,0.0,0.0
458,458,Charles,SOU,3,4.5,1,0.516,13.98,0.0,0.0,0.0
459,459,Edozie,SOU,3,5.0,1,1.11,23.53,0.0,0.0,0.0
460,460,Edwards,SOU,2,4.0,1,0.0,0.0,0.0,0.0,0.0
461,461,Harwood-Bellis,SOU,2,4.0,1,1.381,79.92,0.0,0.0,0.0
462,462,Kamaldeen,SOU,3,5.0,1,0.0,0.0,0.0,0.0,0.0
463,463,Lallana,SOU,3,5.0,1,0.0,0.0,0.0,0.0,0.0
464,464,Larios,SOU,2,4.0,1,0.0,0.0,0.0,0.0,0.0
465,465,Lis,SOU,1,4.0,1,0.0,0.0,0.0,0.0,0.0
466,466,Lumley,SOU,1,4.0,1,0.0,0.0,0.0,0.0,0.0
467,467,Manning,SOU,2,4.5,1,0.33,11.89,0.0,0.0,0.0
468,468,Mara,SOU,4,5.0,1,1.365,30.21,0.0,0.0,0.0
469,469,McCarthy,SOU,1,4.5,1,3.096,92.74,0.0,0.0,0.0
470,470,Onuachu,SOU,4,5.0,1,0.22,2.95,0.0,0.0,0.0
471,471,Smallbone,SOU,3,5.0,1,2.399,77.77,0.0,0.0,0.0
472,472,Stephens,SOU,2,4.0,1,0.221,11.34,0.0,0.0,0.0
473,473,Stewart,SOU,4,4.5,1,0.0,0.0,0.0,0.0,0.0
474,474,Sugawara,SOU,2,4.5,1,1.598,70.14,0.0,0.0,0.0
475,475,Taylor,SOU,2,4.0,1,0.737,36.26,0.0,0.0,0.0
476,476,Walker-Peters,SOU,2,4.5,1,1.404,74.91,0.0,0.0,0.0
477,477,Wood,SOU,2,4.0,1,0.0,0.0,0.0,0.0,0.0
478,478,A.Phillips,TOT,2,4.0,1,0.0,0.0,0.0,0.0,0.0
479,479,Austin,TOT,1,4.0,1,0.0,0.0,0.0,0.0,0.0
480,480,Bentancur,TOT,3,5.0,1,2.189,66.34,0.0,0.0,0.0
481,481,Bergvall,TOT,3,4.5,1,0.185,3.32,0.0,0.0,0.0
482,482,Bissouma,TOT,3,5.0,1,0.17800000000000002,4.43,0.0,0.0,0.0
483,483,Bryan,TOT,3,5.0,1,0.0,0.0,0.0,0.0,0.0
484,484,Davies,TOT,2,4.5,1,0.304,9.29,0.0,0.0,0.0
485,485,Devine,TOT,3,4.5,1,0.0,0.0,0.0,0.0,0.0
486,486,Dragusin,TOT,2,4.5,1,0.35700000000000004,9.98,0.0,0.0,0.0
487,487,E.Royal,TOT,2,4.5,1,0.0,0.0,0.0,0.0,0.0
488,488,Forster,TOT,1,4.5,1,0.0,0.0,0.0,0.0,0.0
489,489,Gray,TOT,3,5.0,1,0.117,3.61,0.0,0.0,0.0
490,490,Højbjerg,TOT,3,5.0,1,0.0,0.0,0.0,0.0,0.0
491,491,Johnson,TOT,3,6.5,1,3.019,57.7,0.0,0.0,0.0
492,492,Kulusevski,TOT,3,6.5,1,2.9210000000000003,62.19,0.0,0.0,0.0
493,493,Lo Celso,TOT,3,5.0,1,0.606,11.86,0.0,0.0,0.0
494,494,Maddison,TOT,3,7.5,1,3.648,66.78,0.0,0.0,0.0
495,495,Pedro Porro,TOT,2,5.5,1,3.972,90.58,0.0,0.0,0.0
496,496,Reguilón,TOT,2,4.5,1,0.46,10.64,0.0,0.0,0.0
497,497,Richarlison,TOT,4,7.0,1,1.267,20.72,0.0,0.0,0.0
498,498,Romero,TOT,2,5.0,1,3.003,92.06,0.0,0.0,0.0
499,499,P.Sarr,TOT,3,5.0,1,2.4330000000000003,70.46,0.0,0.0,0.0
500,500,Scarlett,TOT,4,4.5,1,0.0,0.0,0.0,0.0,0.0
501,501,Skipp,TOT,3,5.0,1,0.64,16.24,0.0,0.0,0.0
502,502,Solomon,TOT,3,5.5,1,0.289,3.64,0.0,0.0,0.0
503,503,Son,TOT,3,10.0,1,5.013,84.98,0.0,0.0,0.0
504,504,Spence,TOT,2,4.5,1,0.398,9.58,0.0,0.0,0.0
505,505,Udogie,TOT,2,5.0,1,2.761,71.38,0.0,0.0,0.0
506,506,Van de Ven,TOT,2,4.5,1,2.861,85.99,0.0,0.0,0.0
507,507,Veliz,TOT,4,5.0,1,0.0,0.0,0.0,0.0,0.0
508,508,Vicario,TOT,1,5.0,1,3.589,92.95,0.0,0.0,0.0
509,509,Werner,TOT,3,6.5,1,1.242,20.32,0.0,0.0,0.0
510,510,Whiteman,TOT,1,4.0,1,0.0,0.0,0.0,0.0,0.0
511,511,Álvarez,WHU,3,5.0,1,0.0,0.0,0.0,0.0,0.0
512,512,Antonio,WHU,4,5.5,1,1.588,29.92,0.0,0.0,0.0
513,513,Areola,WHU,1,4.5,1,3.41,92.87,0.0,0.0,0.0
514,514,Bowen,WHU,3,7.5,1,4.364,85.51,0.0,0.0,0.0
515,515,Cornet,WHU,3,5.0,1,0.0,0.0,0.0,0.0,0.0
516,516,Coufal,WHU,2,4.5,1,1.071,29.99,0.0,0.0,0.0
517,517,Cresswell,WHU,2,4.0,1,0.226,5.94,0.0,0.0,0.0
518,518,Downes,SOU,3,5.0,1,1.98,79.87,0.0,0.0,0.0
519,519,Earthy,WHU,3,4.5,1,0.0,0.0,0.0,0.0,0.0
520,520,Emerson,WHU,2,4.5,1,2.853,83.91,0.0,0.0,0.0
521,521,Fabianski,WHU,1,4.0,1,0.0,0.0,0.0,0.0,0.0
522,522,Foderingham,WHU,1,4.5,1,0.0,0.0,0.0,0.0,0.0
523,523,Ings,WHU,4,5.0,1,0.133,1.47,0.0,0.0,0.0
524,524,Kilman,WHU,2,4.5,1,2.205,73.08,0.0,0.0,0.0
525,525,Kudus,WHU,3,6.5,1,3.854,83.28,0.0,0.0,0.0
526,526,L.Guilherme,WHU,3,5.0,1,0.0,0.0,0.0,0.0,0.0
527,527,L.Paquetá,WHU,3,6.0,1,3.31,70.13,0.0,0.0,0.0
528,528,Mavropanos,WHU,2,4.5,1,0.466,14.49,0.0,0.0,0.0
529,529,N.Aguerd,WHU,2,4.5,1,1.073,32.33,0.0,0.0,0.0
530,530,Souček,WHU,3,5.0,1,2.403,71.36,0.0,0.0,0.0
531,531,Ward-Prowse,WHU,3,6.5,1,2.523,61.44,0.0,0.0,0.0
532,532,Zouma,WHU,2,4.5,1,0.0,0.0,0.0,0.0,0.0
533,533,Aït-Nouri,WOL,2,4.5,1,1.372,89.1,0.0,0.0,0.0
534,534,B.Traore,WOL,3,5.0,1,0.436,11.34,0.0,0.0,0.0
535,535,Bellegarde,WOL,3,5.0,1,1.094,26.32,0.0,0.0,0.0
536,536,Bentley,WOL,1,4.0,1,0.0,0.0,0.0,0.0,0.0
537,537,Chiquinho,WOL,3,4.5,1,0.175,2.46,0.0,0.0,0.0
538,538,Chirewa,WOL,3,4.5,1,0.343,6.47,0.0,0.0,0.0
539,539,Chiwome,WOL,4,4.5,1,0.0,0.0,0.0,0.0,0.0
540,540,Cundle,WOL,3,4.5,1,0.0,0.0,0.0,0.0,0.0
541,541,Cunha,WOL,4,6.5,1,2.107,53.86,0.0,0.0,0.0
542,542,Dawson,WOL,2,4.5,1,0.61,44.2,0.0,0.0,0.0
543,543,Doherty,WOL,2,4.5,1,1.361,79.17,0.0,0.0,0.0
544,544,Doyle,WOL,3,5.0,1,0.453,9.74,0.0,0.0,0.0
545,545,Fábio Silva,WOL,4,5.0,1,0.404,7.01,0.0,0.0,0.0
546,546,Fraser,WOL,4,4.5,1,0.47,10.12,0.0,0.0,0.0
547,547,Gonzalez,WOL,3,4.5,1,0.0,0.0,0.0,0.0,0.0
548,548,Guedes,WOL,3,5.5,1,0.5,9.87,0.0,0.0,0.0
549,549,H.Bueno,WOL,2,4.5,1,0.0,0.0,0.0,0.0,0.0
550,550,Hee Chan,WOL,3,6.5,1,2.902,74.81,0.0,0.0,0.0
551,551,Hodge,WOL,3,4.5,1,0.0,0.0,0.0,0.0,0.0
552,552,Hoever,WOL,2,4.0,1,0.302,11.39,0.0,0.0,0.0
553,553,J.Gomes,WOL,3,5.0,1,2.067,87.62,0.0,0.0,0.0
554,554,José Sá,WOL,1,4.5,1,3.073,93.22,0.0,0.0,0.0
555,555,Kalajdžić,WOL,4,5.0,1,0.0,0.0,0.0,0.0,0.0
556,556,King,WOL,1,4.0,1,0.0,0.0,0.0,0.0,0.0
557,557,Mario Jr.,WOL,3,5.0,1,2.113,87.14,0.0,0.0,0.0
558,558,Mosquera,WOL,2,4.0,1,0.695,44.82,0.0,0.0,0.0
559,559,N.Semedo,WOL,2,4.5,1,0.0,0.0,0.0,0.0,0.0
560,560,Neto,CHE,3,6.5,1,1.228,24.24,0.0,0.0,0.0
561,561,Pedro Lima,WOL,2,4.0,1,0.0,0.0,0.0,0.0,0.0
562,562,Podence,WOL,3,5.5,1,0.0,0.0,0.0,0.0,0.0
563,563,R.Gomes,WOL,3,5.5,1,0.473,10.81,0.0,0.0,0.0
564,564,S.Bueno,WOL,2,4.5,1,1.003,80.25,0.0,0.0,0.0
565,565,Sarabia,WOL,3,5.5,1,1.992,48.2,0.0,0.0,0.0
566,566,Strand Larsen,WOL,4,5.5,1,2.266,61.35,0.0,0.0,0.0
567,567,Toti,WOL,2,4.5,1,1.0659999999999998,89.1,0.0,0.0,0.0
568,568,Muric,IPS,1,4.5,1,2.992,92.84,0.0,0.0,0.0
569,569,Jaden,AVL,3,5.5,1,0.745,13.4,0.0,0.0,0.0
570,570,A.Fatawu,LEI,3,5.5,1,3.273,73.25,0.0,0.0,0.0
571,571,Sávio,MCI,3,6.5,1,2.725,48.74,0.0,0.0,0.0
572,572,Yoro,MUN,2,4.5,1,0.0,0.0,0.0,0.0,0.0
573,573,Milenković,NFO,2,4.5,1,1.92,61.71,0.0,0.0,0.0
574,574,Pivas,NEW,2,4.0,1,0.0,0.0,0.0,0.0,0.0
575,575,Wiley,CHE,2,4.0,1,0.0,0.0,0.0,0.0,0.0
576,576,Irving,WHU,3,5.0,1,0.413,8.93,0.0,0.0,0.0
577,577,Lindstrøm,EVE,3,5.5,1,0.0,0.0,0.0,0.0,0.0
578,578,Calafiori,ARS,2,6.0,1,1.64,31.62,0.0,0.0,0.0
579,579,Sessegnon,FUL,2,4.5,1,0.6459999999999999,18.15,0.0,0.0,0.0
580,580,Huijsen,BOU,2,4.5,1,0.0,0.0,0.0,0.0,0.0
581,581,Jørgensen,CHE,1,4.5,1,1.112,33.55,0.0,0.0,0.0
582,582,O'Brien,EVE,2,5.0,1,2.843,81.29,0.0,0.0,0.0
583,583,Townsend,IPS,2,4.0,1,0.26,9.61,0.0,0.0,0.0
584,584,Brereton Díaz,SOU,3,5.5,1,2.978,74.99,0.0,0.0,0.0
585,585,I.Sarr,CRY,3,6.0,1,3.135,60.84,0.0,0.0,0.0
586,586,J.Cuenca,FUL,2,4.5,1,0.387,12.52,0.0,0.0,0.0
587,587,Summerville,WHU,3,6.0,1,0.779,12.94,0.0,0.0,0.0
588,588,G.Rodríguez,WHU,3,5.0,1,2.358,82.58,0.0,0.0,0.0
589,589,Füllkrug,WHU,4,7.0,1,3.882,66.11,0.0,0.0,0.0
590,590,Osula,NEW,4,5.0,1,0.175,1.61,0.0,0.0,0.0
591,591,Todibo,WHU,2,4.5,1,1.965,65.83,0.0,0.0,0.0
592,592,J.Araujo,BOU,2,4.5,1,0.0,0.0,0.0,0.0,0.0
593,593,De Ligt,MUN,2,5.0,1,1.294,33.38,1.0,9.0,1.0
594,594,Mazraoui,MUN,2,4.5,1,2.843,62.18,9.0,80.0,1.0
595,595,Gruda,BHA,3,5.5,1,2.187,50.5,0.0,0.0,0.0
596,596,Jota Silva,NFO,3,6.0,1,0.0,0.0,0.0,0.0,0.0
597,597,Lewis-Skelly,ARS,3,4.5,1,0.0,0.0,0.0,0.0,0.0
598,598,Bogarde,AVL,2,4.0,1,0.0,0.0,0.0,0.0,0.0
599,599,Dennis,BOU,1,4.0,1,0.0,0.0,0.0,0.0,0.0
600,600,Ayari,BHA,3,5.0,1,0.0,0.0,0.0,0.0,0.0
601,601,Moran,BHA,3,5.0,1,0.0,0.0,0.0,0.0,0.0
602,602,Trevitt,BRE,3,4.5,1,0.0,0.0,0.0,0.0,0.0
603,603,Armstrong,EVE,3,4.5,1,0.0,0.0,0.0,0.0,0.0
604,604,King,FUL,3,4.5,1,0.0,0.0,0.0,0.0,0.0
605,605,Godo,FUL,3,4.5,1,0.0,0.0,0.0,0.0,0.0
606,606,Alves,LEI,3,4.5,1,0.0,0.0,0.0,0.0,0.0
607,607,O’Reilly,MCI,3,5.0,1,0.158,2.03,0.0,0.0,0.0
608,608,Dibling,SOU,3,4.5,1,0.0,0.0,0.0,0.0,0.0
609,609,Lankshear,TOT,4,4.5,1,0.0,0.0,0.0,0.0,0.0
610,610,Moore,TOT,3,4.5,1,0.0,0.0,0.0,0.0,0.0
611,611,Szmodics,IPS,3,6.0,1,0.0,0.0,0.0,0.0,0.0
612,612,Odobert,TOT,3,5.5,1,0.0,0.0,0.0,0.0,0.0
10001,10001,Josh Wilson-Esbrand,MCI,2,99.9,1,0.0,0.0,0.0,0.0,0.0
10006,10006,Carl Rushworth,BHA,1,99.9,1,0.0,0.0,0.0,0.0,0.0
10011,10011,Malick Junior Yalcouyé,BHA,3,99.9,1,0.0,0.0,0.0,0.0,0.0
10012,10012,Abdallah Sima,BHA,4,99.9,1,0.363,5.0,0.0,0.0,0.0
10039,10039,Billy Crellin,EVE,1,99.9,1,0.0,0.0,0.0,0.0,0.0
10064,10064,Máximo Perrone,MCI,3,99.9,1,0.211,3.28,0.0,0.0,0.0
10065,10065,Issa Kaboré,MCI,2,99.9,1,0.168,3.95,0.0,0.0,0.0
10068,10068,Mark Gillespie,NEW,1,99.9,1,0.0,0.0,0.0,0.0,0.0
10069,10069,Harrison Ashby,NEW,2,99.9,1,0.0,0.0,0.0,0.0,0.0
10070,10070,Ed Turns,BHA,2,99.9,1,0.0,0.0,0.0,0.0,0.0
10075,10075,Jensen Weir,BHA,3,99.9,1,0.0,0.0,0.0,0.0,0.0
10076,10076,Matthew Cox,BRE,1,99.9,1,0.0,0.0,0.0,0.0,0.0
10077,10077,Paris Maghoma,BRE,3,99.9,1,0.081,1.36,0.0,0.0,0.0
10083,10083,Daniel Gore,MUN,3,99.9,1,0.0,0.0,0.0,0.0,0.0
10086,10086,Chem Campbell,WOL,3,99.9,1,0.0,0.0,0.0,0.0,0.0
10087,10087,Gavin Kilkenny,BOU,3,99.9,1,0.0,0.0,0.0,0.0,0.0
10088,10088,Harry Tyrer,EVE,1,99.9,1,0.0,0.0,0.0,0.0,0.0
10093,10093,Vitezslav Jaros,LIV,1,99.9,1,0.0,0.0,0.0,0.0,0.0
10098,10098,Imari Samuels,BHA,2,99.9,1,0.0,0.0,0.0,0.0,0.0
10099,10099,Jota Silva,NFO,4,99.9,1,0.94,16.05,0.0,0.0,0.0
10106,10106,Bashir Humphreys,CHE,2,99.9,1,0.0,0.0,0.0,0.0,0.0
10107,10107,Tino Anjorin,CHE,3,99.9,1,0.0,0.0,0.0,0.0,0.0
10110,10110,Harry Amass,MUN,2,99.9,1,0.182,4.32,0.0,0.0,0.0
10111,10111,Toby Collyer,MUN,3,99.9,1,0.0,0.0,0.0,0.0,0.0
10112,10112,Ethan Wheatley,MUN,4,99.9,1,0.0,0.0,0.0,0.0,0.0
10113,10113,Tyrique George,CHE,4,99.9,1,0.0,0.0,0.0,0.0,0.0
10114,10114,Josh Acheampong,CHE,2,99.9,1,0.0,0.0,0.0,0.0,0.0
10119,10119,Evanilson,BOU,4,99.9,1,0.575,8.09,0.0,0.0,0.0
10120,10120,Ferdi Kadıoğlu,BHA,2,99.9,1,0.0,0.0,0.0,0.0,0.0
10121,10121,Georginio Rutter,BHA,4,99.9,1,0.0,0.0,0.0,0.0,0.0
10122,10122,Victor Osimhen,CHE,4,99.9,1,0.0,0.0,0.0,0.0,0.0
